altimeter_type,file_cycle,year_fraction,observations,weighted_observations,GMSL,GMSL_sd,GMSL_smoothed,GMSL_GIA_applied,GMSL_GIA_applied_sd,GMSL_GIA_smoothed,GMSL_GIA_smoothed_removed,GMSL_smoothed_removed
0,11,1993.011526,466881,338409.69,-34.17,89.01,-33.93,-34.17,89.01,-33.92,-33.94,-33.96
0,12,1993.038692,459563,333609.59,-37.18,89.94,-35.33,-37.17,89.94,-35.32,-34.83,-34.85
0,13,1993.065858,402996,292736.5,-37.34,86.89,-35.37,-37.32,86.89,-35.36,-34.46,-34.48
0,14,1993.093025,462894,336670.31,-39.64,88.73,-35.67,-39.62,88.73,-35.64,-34.41,-34.45
0,15,1993.120191,460498,332486.09,-34.93,89.87,-34.78,-34.9,89.87,-34.75,-33.24,-33.28
0,16,1993.147357,415229,300489.59,-32.01,89.54,-33.64,-31.97,89.53,-33.61,-31.85,-31.89
0,17,1993.174523,470589,340263.09,-30.44,87.57,-32.69,-30.39,87.57,-32.65,-30.64,-30.68
0,18,1993.201689,469308,339210.91,-31.09,88.49,-32.16,-31.04,88.49,-32.11,-29.81,-29.87
0,19,1993.228855,464654,335581.31,-32.2,87.78,-32.04,-32.15,87.78,-31.98,-29.36,-29.42
999,20,1993.256021,450755,327812.59,-34.21,95.18,-32.15,-34.15,95.17,-32.09,-29.12,-29.17
0,21,1993.283188,467063,337674.69,-34.46,87.21,-32.31,-34.39,87.21,-32.24,-28.89,-28.96
0,22,1993.310354,472296,341115.69,-30.1,86.36,-32.51,-30.02,86.34,-32.43,-28.71,-28.79
0,23,1993.33752,469214,340208.41,-31.32,85.74,-32.78,-31.24,85.73,-32.7,-28.66,-28.73
0,24,1993.364686,471422,340657.41,-34.27,85.91,-32.87,-34.18,85.9,-32.78,-28.5,-28.59
0,25,1993.391852,472425,340987.31,-35.1,84.85,-33.04,-35.01,84.85,-32.94,-28.57,-28.66
0,26,1993.419018,472277,341267.19,-34.61,84.77,-32.36,-34.51,84.77,-32.26,-27.97,-28.07
0,27,1993.446185,469214,339717.31,-32.19,85.0,-31.75,-32.08,85.0,-31.65,-27.64,-27.74
0,28,1993.473351,433672,315058.81,-28.61,83.28,-30.78,-28.49,83.27,-30.67,-27.17,-27.27
0,29,1993.500517,465359,340187.31,-28.74,82.45,-29.93,-28.62,82.45,-29.81,-27.02,-27.14
0,30,1993.527683,461887,337891.81,-28.65,84.15,-29.29,-28.52,84.16,-29.17,-27.29,-27.41
999,31,1993.554849,248043,185244.8,-30.62,89.16,-28.7,-30.49,89.17,-28.56,-27.74,-27.87
0,32,1993.582015,458888,337014.59,-30.49,86.64,-27.91,-30.35,86.64,-27.77,-28.09,-28.23
0,33,1993.609181,427662,313966.81,-28.7,87.66,-26.9,-28.56,87.66,-26.75,-28.25,-28.39
0,34,1993.636348,455037,335887.81,-24.88,88.27,-25.86,-24.73,88.27,-25.71,-28.33,-28.47
0,35,1993.663514,453806,335852.41,-22.4,87.31,-24.95,-22.24,87.32,-24.79,-28.42,-28.57
0,36,1993.69068,454905,336206.69,-23.51,85.89,-24.29,-23.34,85.91,-24.13,-28.58,-28.73
0,37,1993.717846,411039,304372.19,-26.19,86.01,-23.93,-26.02,86.03,-23.75,-28.8,-28.97
0,38,1993.745012,455210,336768.31,-23.39,86.41,-23.47,-23.21,86.42,-23.29,-28.68,-28.86
0,39,1993.772178,453675,335532.59,-20.73,86.46,-23.26,-20.54,86.47,-23.08,-28.55,-28.72
0,40,1993.799345,455839,335952.41,-22.98,85.66,-23.37,-22.79,85.68,-23.18,-28.46,-28.65
999,41,1993.826511,448131,332835.69,-23.44,92.87,-23.86,-23.24,92.88,-23.66,-28.53,-28.73
0,42,1993.853677,463007,339321.5,-23.82,85.68,-24.49,-23.61,85.7,-24.28,-28.56,-28.77
0,43,1993.880843,462694,338457.41,-26.45,85.09,-24.89,-26.23,85.1,-24.67,-28.23,-28.45
0,44,1993.908009,451036,328310.69,-27.13,85.06,-24.98,-26.91,85.07,-24.75,-27.52,-27.76
0,45,1993.935175,469278,340230.09,-24.33,84.34,-24.96,-24.1,84.35,-24.74,-26.71,-26.94
0,46,1993.962341,471727,340722.5,-21.44,85.22,-25.17,-21.21,85.22,-24.94,-26.14,-26.38
0,47,1993.989508,462492,334449.81,-23.81,84.62,-26.11,-23.57,84.63,-25.87,-26.38,-26.63
0,48,1994.016674,473690,342222.0,-29.76,84.33,-26.68,-29.52,84.33,-26.43,-26.34,-26.61
0,49,1994.04384,467306,338170.59,-28.36,83.21,-27.56,-28.1,83.21,-27.3,-26.72,-27.0
0,50,1994.071006,464918,336643.41,-26.53,82.83,-28.32,-26.27,82.83,-28.06,-27.09,-27.36
0,51,1994.098172,470781,339876.59,-29.69,81.83,-28.85,-29.42,81.82,-28.58,-27.29,-27.57
0,52,1994.125338,473508,342070.59,-31.37,81.34,-29.06,-31.09,81.34,-28.78,-27.22,-27.51
0,53,1994.152505,473997,342585.31,-30.58,82.68,-28.87,-30.3,82.67,-28.59,-26.78,-27.07
0,54,1994.179671,468378,338650.09,-26.14,85.0,-28.33,-25.85,84.98,-28.04,-25.97,-26.27
999,55,1994.206837,370025,269159.41,-26.85,89.47,-27.68,-26.56,89.45,-27.39,-25.04,-25.33
0,56,1994.234003,470683,339998.0,-26.61,83.77,-27.3,-26.31,83.75,-27.0,-24.32,-24.62
0,57,1994.261169,471748,340497.81,-26.6,83.85,-27.37,-26.29,83.83,-27.06,-24.02,-24.32
0,58,1994.288335,471502,340161.19,-26.62,84.03,-28.06,-26.31,84.0,-27.75,-24.33,-24.63
0,59,1994.315501,470624,338946.81,-27.58,82.63,-28.61,-27.26,82.6,-28.29,-24.5,-24.82
0,60,1994.342668,473790,342400.0,-30.13,81.66,-29.45,-29.8,81.65,-29.12,-25.02,-25.35
0,61,1994.369834,470816,339977.5,-31.47,82.16,-29.86,-31.14,82.15,-29.52,-25.22,-25.55
0,62,1994.397,471120,340796.91,-33.5,82.18,-30.36,-33.16,82.17,-30.02,-25.65,-25.99
0,63,1994.424166,471108,340831.59,-29.63,81.14,-30.25,-29.28,81.12,-29.9,-25.65,-25.99
0,64,1994.451332,466587,338917.81,-27.28,81.15,-29.9,-26.92,81.14,-29.54,-25.61,-25.97
999,65,1994.478498,457711,337475.09,-29.62,84.96,-29.39,-29.26,84.96,-29.02,-25.64,-26.0
0,66,1994.505664,465959,340472.59,-32.34,80.46,-28.61,-31.97,80.47,-28.24,-25.61,-25.98
0,67,1994.532831,462304,338302.09,-28.58,82.86,-27.48,-28.21,82.86,-27.1,-25.41,-25.79
0,68,1994.559997,455159,335523.69,-26.77,84.82,-26.04,-26.39,84.83,-25.65,-25.04,-25.42
0,69,1994.587163,456895,336533.5,-23.43,85.73,-24.45,-23.04,85.75,-24.06,-24.61,-24.99
0,70,1994.614329,456723,337412.19,-22.9,86.04,-22.89,-22.51,86.07,-22.5,-24.21,-24.6
0,71,1994.641495,455308,336940.91,-20.81,88.41,-21.87,-20.41,88.43,-21.47,-24.29,-24.68
0,72,1994.668661,451235,335363.81,-19.18,91.06,-20.73,-18.77,91.09,-20.33,-24.13,-24.52
0,73,1994.695828,445895,330449.5,-18.9,92.86,-19.81,-18.49,92.89,-19.4,-23.98,-24.39
0,74,1994.722994,454065,336648.09,-19.66,95.48,-19.35,-19.24,95.51,-18.93,-24.07,-24.48
0,75,1994.75016,448385,332759.59,-19.83,91.11,-19.02,-19.4,91.15,-18.6,-24.03,-24.44
0,76,1994.777326,448258,331255.09,-18.5,91.83,-18.81,-18.06,91.87,-18.38,-23.83,-24.26
0,77,1994.804492,457824,337160.0,-16.8,91.95,-18.86,-16.36,91.97,-18.42,-23.64,-24.08
0,78,1994.831658,457520,337288.5,-18.4,94.24,-19.33,-17.96,94.27,-18.88,-23.65,-24.1
999,79,1994.858824,391912,291774.41,-17.13,100.25,-20.13,-16.68,100.28,-19.68,-23.83,-24.28
0,80,1994.885991,459199,334615.69,-22.33,95.14,-20.83,-21.87,95.17,-20.37,-23.78,-24.25
0,81,1994.913157,468761,340287.31,-24.26,91.67,-21.06,-23.8,91.7,-20.6,-23.22,-23.68
0,82,1994.940323,471879,341211.31,-19.77,90.48,-20.92,-19.3,90.5,-20.45,-22.27,-22.75
0,83,1994.967489,471457,340622.91,-18.79,91.91,-20.73,-18.31,91.92,-20.25,-21.31,-21.8
0,84,1994.994655,470979,339888.41,-20.23,95.12,-20.9,-19.75,95.12,-20.42,-20.81,-21.3
0,85,1995.021821,471026,340351.09,-21.04,93.96,-21.15,-20.55,93.98,-20.66,-20.47,-20.98
0,86,1995.048988,472017,341216.81,-22.42,90.75,-21.48,-21.92,90.75,-20.98,-20.32,-20.84
0,87,1995.076154,472139,341221.19,-19.19,91.79,-22.13,-18.69,91.77,-21.63,-20.6,-21.11
0,88,1995.10332,470528,340202.0,-23.08,89.28,-22.83,-22.57,89.25,-22.32,-20.98,-21.5
0,89,1995.130486,471748,341435.41,-27.23,88.72,-23.37,-26.71,88.7,-22.85,-21.25,-21.77
0,90,1995.157652,472356,340950.09,-24.16,88.51,-23.37,-23.64,88.5,-22.85,-21.0,-21.52
999,91,1995.184818,467602,339368.81,-21.27,96.69,-23.43,-20.74,96.67,-22.9,-20.78,-21.32
0,92,1995.211984,470811,339516.41,-19.62,92.2,-23.31,-19.08,92.16,-22.77,-20.36,-20.9
0,93,1995.239151,468364,338484.09,-25.07,88.06,-23.43,-24.52,88.04,-22.88,-20.13,-20.68
0,94,1995.266317,470886,340574.41,-23.77,87.24,-23.73,-23.22,87.22,-23.18,-20.06,-20.61
0,95,1995.293483,472235,341507.41,-23.26,87.22,-24.14,-22.7,87.19,-23.58,-20.09,-20.64
0,96,1995.320649,471438,340141.09,-25.41,85.23,-24.44,-24.85,85.21,-23.87,-20.02,-20.59
999,97,1995.347815,463421,338727.5,-26.26,89.04,-24.66,-25.69,89.04,-24.09,-19.95,-20.51
0,98,1995.374981,470372,339827.5,-27.13,82.12,-24.82,-26.55,82.09,-24.24,-19.91,-20.49
0,99,1995.402148,469037,338584.31,-24.78,81.28,-24.68,-24.19,81.26,-24.08,-19.72,-20.31
0,100,1995.429314,451853,327311.41,-21.55,83.13,-24.6,-20.94,83.12,-24.0,-19.79,-20.39
0,101,1995.45648,469251,340423.59,-24.06,81.96,-24.74,-23.46,81.95,-24.14,-20.3,-20.89
0,102,1995.483646,468432,341184.69,-26.85,80.87,-25.0,-26.25,80.85,-24.39,-21.14,-21.74
999,103,1995.510812,453753,336113.69,-28.03,86.14,-24.61,-27.42,86.13,-24.0,-21.54,-22.14
0,104,1995.537978,460520,337891.0,-28.06,81.95,-24.41,-27.44,81.94,-23.79,-22.3,-22.91
0,105,1995.565144,461910,339843.31,-24.25,81.05,-23.22,-23.62,81.06,-22.59,-22.19,-22.82
0,106,1995.592311,460038,339685.09,-21.73,80.33,-21.7,-21.1,80.34,-21.07,-21.84,-22.46
0,107,1995.619477,453423,335848.91,-18.81,83.2,-19.93,-18.17,83.21,-19.29,-21.22,-21.85
0,108,1995.646643,453240,335270.81,-19.23,83.19,-18.31,-18.59,83.2,-17.67,-20.69,-21.32
0,109,1995.673809,447020,331052.81,-18.16,83.17,-16.78,-17.51,83.19,-16.12,-20.08,-20.73
0,110,1995.700975,454617,336469.69,-13.93,83.75,-15.12,-13.27,83.78,-14.46,-19.17,-19.82
0,111,1995.728141,453562,336053.31,-8.47,84.39,-14.68,-7.8,84.44,-14.02,-19.23,-19.88
0,112,1995.755307,456662,336903.81,-13.51,85.49,-13.99,-12.84,85.52,-13.33,-18.78,-19.44
0,113,1995.782474,458007,337970.19,-15.32,86.32,-14.56,-14.65,86.35,-13.88,-19.31,-19.98
999,114,1995.80964,449583,334572.19,-16.82,88.72,-15.53,-16.14,88.76,-14.84,-19.99,-20.68
0,115,1995.836806,457509,334886.59,-17.86,82.66,-16.41,-17.17,82.69,-15.72,-20.39,-21.08
0,116,1995.863972,465356,340554.41,-18.11,82.68,-16.97,-17.41,82.7,-16.27,-20.29,-20.99
0,117,1995.891138,407831,298133.81,-15.37,82.25,-17.36,-14.66,82.25,-16.66,-19.92,-20.63
999,118,1995.918304,1339,949.8,-31.04,74.23,-17.83,-29.8,74.24,-17.12,-19.58,-20.3
0,119,1995.945471,472181,341703.19,-19.56,81.41,-18.7,-18.85,81.43,-17.99,-19.66,-20.38
0,120,1995.972637,470088,339366.31,-15.83,79.82,-19.5,-15.11,79.83,-18.78,-19.71,-20.44
0,121,1995.999803,470640,338971.31,-20.51,80.18,-20.33,-19.79,80.18,-19.61,-19.88,-20.61
0,122,1996.026895,465272,335374.59,-22.73,80.18,-21.19,-22.0,80.18,-20.46,-20.18,-20.92
0,123,1996.053987,334044,240313.8,-23.14,80.57,-21.77,-22.4,80.57,-21.04,-20.31,-21.05
0,124,1996.081079,473750,342203.59,-24.23,80.83,-21.74,-23.49,80.79,-20.99,-19.9,-20.66
0,125,1996.108171,467687,337890.09,-20.09,82.97,-21.76,-19.33,82.95,-21.01,-19.62,-20.38
999,126,1996.135263,468410,339368.69,-19.79,87.38,-21.47,-19.04,87.35,-20.71,-19.06,-19.83
0,127,1996.162355,455514,328193.41,-19.53,82.79,-21.43,-18.77,82.75,-20.66,-18.76,-19.54
0,128,1996.189447,472559,341211.91,-22.71,84.0,-21.82,-21.93,83.95,-21.04,-18.87,-19.66
0,129,1996.216539,169226,120708.8,-20.32,83.48,-22.68,-19.52,83.43,-21.89,-19.42,-20.21
0,130,1996.243631,472100,341304.5,-20.77,86.38,-23.9,-19.98,86.31,-23.11,-20.3,-21.09
0,131,1996.270723,473865,341610.81,-27.9,84.77,-25.14,-27.11,84.7,-24.34,-21.16,-21.96
0,132,1996.297815,470960,339510.5,-28.73,82.25,-26.08,-27.93,82.18,-25.28,-21.73,-22.52
0,133,1996.324907,475360,342789.91,-28.73,82.94,-27.0,-27.92,82.88,-26.19,-22.29,-23.09
0,134,1996.351998,472764,341265.91,-27.06,84.94,-27.08,-26.25,84.89,-26.26,-22.08,-22.89
0,135,1996.37909,472258,340850.09,-27.13,82.69,-26.82,-26.31,82.64,-26.0,-21.65,-22.47
0,136,1996.406182,469866,340038.0,-25.13,82.99,-26.46,-24.3,82.96,-25.63,-21.28,-22.1
0,137,1996.433274,470677,340044.41,-25.99,82.45,-26.04,-25.15,82.42,-25.2,-21.03,-21.87
999,138,1996.460366,436810,320407.31,-25.65,82.28,-25.46,-24.8,82.25,-24.62,-20.85,-21.69
0,139,1996.487458,465649,339155.19,-27.16,81.59,-24.6,-26.3,81.56,-23.75,-20.59,-21.44
0,140,1996.51455,464692,338828.5,-24.82,80.92,-23.53,-23.96,80.94,-22.66,-20.32,-21.19
0,141,1996.541642,458537,336356.41,-22.13,81.85,-22.47,-21.26,81.85,-21.6,-20.25,-21.11
0,142,1996.568734,459492,337982.59,-18.37,83.01,-21.68,-17.5,82.99,-20.8,-20.56,-21.43
0,143,1996.595826,458345,337410.59,-20.15,81.63,-21.31,-19.27,81.65,-20.43,-21.35,-22.22
0,144,1996.622918,447097,330395.41,-22.2,82.81,-20.85,-21.31,82.86,-19.96,-22.03,-22.92
0,145,1996.65001,452174,335086.59,-21.94,84.33,-20.52,-21.05,84.36,-19.63,-22.77,-23.66
0,146,1996.677102,453645,336808.41,-23.29,85.58,-19.64,-22.39,85.6,-18.75,-22.81,-23.7
0,147,1996.704194,435502,323691.41,-17.12,85.43,-18.35,-16.23,85.46,-17.45,-22.23,-23.12
0,148,1996.731285,433351,322384.41,-14.64,88.18,-16.86,-13.72,88.23,-15.95,-21.2,-22.11
0,149,1996.758377,455100,337506.5,-14.29,85.35,-15.41,-13.37,85.4,-14.49,-19.95,-20.87
999,150,1996.785469,409487,307892.81,-13.72,86.97,-14.3,-12.8,87.02,-13.38,-18.79,-19.7
0,151,1996.812561,456892,338131.59,-13.49,86.48,-13.92,-12.56,86.53,-12.98,-18.09,-19.03
0,152,1996.839653,461995,340199.19,-9.83,87.54,-14.44,-8.89,87.59,-13.5,-18.11,-19.05
0,153,1996.866745,457727,337620.19,-13.26,88.95,-15.73,-12.32,88.98,-14.78,-18.73,-19.68
0,154,1996.893837,463451,340477.41,-19.51,86.16,-17.52,-18.55,86.21,-16.57,-19.76,-20.71
0,155,1996.920929,467128,340386.0,-19.75,85.09,-19.38,-18.8,85.13,-18.42,-20.81,-21.77
0,156,1996.948021,471084,341179.81,-20.72,84.11,-20.91,-19.76,84.13,-19.95,-21.55,-22.52
0,157,1996.975113,461284,332913.69,-25.94,86.59,-22.47,-24.98,86.57,-21.5,-22.36,-23.35
0,158,1997.002211,473838,341851.59,-25.15,86.25,-23.2,-24.18,86.24,-22.23,-22.45,-23.43
0,159,1997.029377,475272,342788.19,-21.73,86.19,-23.52,-20.75,86.22,-22.54,-22.21,-23.21
0,160,1997.056543,472492,341966.09,-24.06,86.94,-23.61,-23.07,86.96,-22.62,-21.85,-22.85
0,161,1997.083709,473827,342333.91,-23.49,85.93,-23.64,-22.49,85.9,-22.65,-21.52,-22.53
999,162,1997.110875,449797,327293.09,-23.37,87.31,-23.65,-22.38,87.28,-22.65,-21.23,-22.24
0,163,1997.138042,469984,340819.5,-24.45,85.54,-23.57,-23.45,85.5,-22.56,-20.89,-21.9
0,164,1997.165208,470289,340623.69,-23.49,86.92,-23.38,-22.48,86.88,-22.37,-20.45,-21.46
0,165,1997.192374,468059,338671.69,-23.39,90.55,-23.17,-22.37,90.5,-22.15,-19.95,-20.98
0,166,1997.21954,469796,339012.69,-22.35,88.56,-23.05,-21.32,88.51,-22.03,-19.53,-20.55
0,167,1997.246706,470494,340125.59,-21.51,88.12,-23.11,-20.48,88.06,-22.08,-19.23,-20.26
0,168,1997.273872,471096,339449.5,-23.23,87.71,-23.14,-22.19,87.64,-22.1,-18.88,-19.92
0,169,1997.301038,470621,338925.31,-26.14,85.11,-23.2,-25.1,85.02,-22.16,-18.56,-19.6
0,170,1997.328205,469816,338774.0,-23.35,85.39,-23.1,-22.3,85.33,-22.05,-18.11,-19.16
0,171,1997.355371,471155,340095.31,-19.9,85.56,-22.94,-18.84,85.56,-21.88,-17.67,-18.73
0,172,1997.382537,464430,335780.5,-24.01,87.65,-22.83,-22.94,87.62,-21.77,-17.41,-18.47
0,173,1997.409703,468929,338787.31,-22.29,89.48,-22.56,-21.22,89.44,-21.48,-17.14,-18.22
999,174,1997.436869,333340,242854.59,-23.2,92.17,-22.37,-22.13,92.14,-21.29,-17.16,-18.24
0,175,1997.464035,467537,339121.41,-26.09,90.08,-21.43,-25.0,90.06,-20.35,-16.65,-17.73
0,176,1997.491202,467471,339996.81,-21.26,93.71,-20.0,-20.17,93.73,-18.9,-15.85,-16.94
0,177,1997.518368,461504,338136.41,-17.7,94.46,-18.37,-16.6,94.48,-17.26,-15.05,-16.16
0,178,1997.545534,459395,337761.31,-13.5,95.25,-16.73,-12.39,95.28,-15.62,-14.42,-15.53
0,179,1997.5727,455058,335262.41,-15.08,95.13,-15.14,-13.96,95.17,-14.03,-13.95,-15.06
999,180,1997.599866,407634,306052.69,-13.6,101.08,-13.48,-12.48,101.11,-12.36,-13.46,-14.57
0,181,1997.627032,452098,335116.5,-13.44,100.08,-11.86,-12.31,100.12,-10.73,-12.97,-14.1
0,182,1997.654198,445255,330564.69,-11.34,102.97,-10.31,-10.2,103.05,-9.17,-12.47,-13.6
0,183,1997.681365,441541,328317.41,-8.92,106.93,-8.97,-7.78,107.01,-7.82,-12.01,-13.15
0,184,1997.708531,446591,331942.31,-4.79,108.65,-7.93,-3.64,108.72,-6.78,-11.65,-12.8
0,185,1997.735697,442072,328539.19,-5.51,110.08,-7.33,-4.36,110.16,-6.17,-11.48,-12.63
999,186,1997.762863,381733,284490.0,-6.29,113.59,-7.47,-5.13,113.68,-6.31,-11.78,-12.94
0,187,1997.790029,451964,333261.81,-9.12,113.75,-7.47,-7.95,113.84,-6.3,-11.67,-12.84
0,188,1997.817195,453914,333423.41,-7.21,113.61,-8.0,-6.03,113.7,-6.82,-11.86,-13.04
0,189,1997.844362,454269,333143.5,-4.62,116.64,-8.85,-3.44,116.71,-7.67,-12.17,-13.35
0,190,1997.871528,454188,332651.81,-10.27,118.89,-10.24,-9.08,118.95,-9.05,-12.87,-14.06
0,191,1997.898694,449767,328064.0,-12.35,116.76,-11.5,-11.16,116.8,-10.31,-13.35,-14.55
0,192,1997.92586,458664,333089.5,-12.93,118.71,-12.65,-11.74,118.75,-11.46,-13.7,-14.9
0,193,1997.953026,452402,327100.31,-17.19,118.44,-13.87,-15.99,118.48,-12.67,-14.13,-15.34
0,194,1997.980192,466557,336536.09,-14.21,114.49,-14.47,-13.01,114.51,-13.26,-14.0,-15.22
0,195,1998.007358,458911,332580.19,-15.34,111.57,-14.82,-14.13,111.59,-13.61,-13.72,-14.94
0,196,1998.034525,451082,325782.41,-13.3,106.13,-15.17,-12.08,106.14,-13.96,-13.54,-14.76
999,197,1998.061691,388742,282103.09,-14.56,109.58,-15.71,-13.35,109.56,-14.48,-13.64,-14.88
0,198,1998.088857,459715,330816.31,-17.25,108.15,-16.35,-16.02,108.14,-15.11,-13.93,-15.18
0,199,1998.116023,458249,330925.31,-16.69,104.78,-16.92,-15.45,104.77,-15.67,-14.2,-15.46
0,200,1998.143189,463248,334861.09,-16.53,103.44,-17.35,-15.27,103.42,-16.1,-14.38,-15.64
0,201,1998.170355,461633,334340.41,-19.24,102.33,-17.69,-17.97,102.32,-16.43,-14.46,-15.72
0,202,1998.197521,460413,333307.59,-17.05,100.82,-17.91,-15.78,100.81,-16.65,-14.4,-15.66
0,203,1998.224688,459266,331820.81,-18.3,101.18,-18.12,-17.02,101.13,-16.85,-14.28,-15.56
0,204,1998.251854,452555,326304.19,-20.01,99.15,-18.26,-18.73,99.13,-16.98,-14.06,-15.34
0,205,1998.27902,454214,328163.69,-17.02,99.11,-18.41,-15.75,99.08,-17.13,-13.84,-15.11
0,206,1998.306186,455012,329108.5,-17.53,99.44,-18.78,-16.24,99.39,-17.5,-13.83,-15.11
0,207,1998.333352,457069,330226.81,-18.13,100.14,-19.58,-16.85,100.09,-18.29,-14.29,-15.58
0,208,1998.360518,456406,330322.5,-21.32,96.92,-20.88,-20.03,96.9,-19.58,-15.33,-16.63
999,209,1998.387685,389575,285630.59,-24.47,99.05,-22.05,-23.17,99.0,-20.75,-16.38,-17.68
0,210,1998.414851,430568,310558.09,-27.12,98.45,-23.34,-25.82,98.39,-22.03,-17.72,-19.02
0,211,1998.442017,449183,325888.41,-25.41,98.62,-23.46,-24.08,98.54,-22.14,-18.08,-19.39
0,212,1998.469183,459069,334103.91,-23.51,96.37,-23.0,-22.17,96.36,-21.66,-18.07,-19.4
0,213,1998.496349,456393,333022.81,-19.22,95.1,-22.37,-17.88,95.1,-21.03,-18.12,-19.46
0,214,1998.523515,457677,334578.09,-20.69,92.57,-21.79,-19.34,92.59,-20.44,-18.41,-19.76
0,215,1998.550681,452209,331874.69,-23.87,92.12,-21.1,-22.52,92.16,-19.75,-18.76,-20.1
999,216,1998.577848,343323,257316.7,-22.93,98.0,-20.39,-21.59,98.04,-19.03,-19.17,-20.53
0,217,1998.605014,447699,331030.19,-19.48,90.79,-19.38,-18.11,90.79,-18.01,-19.33,-20.69
0,218,1998.63218,445154,329914.31,-19.25,90.98,-18.46,-17.88,91.02,-17.08,-19.53,-20.9
0,219,1998.659346,440851,327353.69,-16.23,92.52,-17.8,-14.84,92.58,-16.42,-19.9,-21.27
0,220,1998.686512,438634,326753.69,-15.94,91.24,-17.44,-14.56,91.31,-16.06,-20.4,-21.77
0,221,1998.713678,445255,330824.91,-17.67,90.55,-17.32,-16.28,90.61,-15.93,-20.91,-22.29
0,222,1998.740845,441334,327945.19,-17.98,88.88,-17.37,-16.58,88.92,-15.98,-21.34,-22.72
0,223,1998.768011,442481,328746.31,-17.72,92.1,-17.38,-16.32,92.14,-15.98,-21.45,-22.85
999,224,1998.795177,426649,319447.19,-16.15,96.14,-17.59,-14.73,96.19,-16.19,-21.52,-22.91
0,225,1998.822343,446630,330518.69,-14.63,90.23,-18.11,-13.22,90.31,-16.69,-21.64,-23.06
0,226,1998.849509,449890,331556.69,-18.55,88.83,-18.83,-17.13,88.88,-17.41,-21.79,-23.21
0,227,1998.876675,438594,321901.69,-20.93,89.7,-19.42,-19.5,89.68,-17.99,-21.67,-23.1
0,228,1998.903841,445636,326286.59,-23.92,88.49,-19.95,-22.49,88.49,-18.52,-21.41,-22.85
0,229,1998.931008,455973,332159.69,-16.63,86.34,-20.19,-15.19,86.34,-18.76,-20.85,-22.29
0,230,1998.958174,455962,331518.09,-20.7,84.1,-20.4,-19.26,84.11,-18.96,-20.27,-21.72
0,231,1998.98534,457482,331526.19,-19.88,84.95,-20.63,-18.44,84.97,-19.19,-19.8,-21.25
0,232,1999.012506,462063,333342.0,-22.4,85.3,-20.97,-20.94,85.29,-19.51,-19.51,-20.98
0,233,1999.039672,461713,333694.09,-21.11,82.91,-21.29,-19.65,82.86,-19.83,-19.32,-20.8
999,234,1999.066838,451197,327445.19,-23.1,88.27,-21.54,-21.63,88.21,-20.06,-19.15,-20.64
0,235,1999.094005,459511,332109.5,-23.77,87.16,-21.77,-22.3,87.1,-20.28,-19.04,-20.54
0,236,1999.121171,343511,248003.91,-17.89,87.37,-22.26,-16.38,87.28,-20.77,-19.25,-20.75
0,237,1999.148337,466751,337769.31,-22.72,85.48,-22.66,-21.22,85.41,-21.16,-19.39,-20.9
0,238,1999.175503,470085,339472.19,-23.99,86.47,-23.26,-22.48,86.35,-21.75,-19.73,-21.24
0,239,1999.202669,470112,339095.41,-25.8,88.01,-23.75,-24.29,87.9,-22.24,-19.93,-21.44
0,240,1999.229835,467672,338643.0,-24.27,91.18,-24.01,-22.75,91.0,-22.5,-19.87,-21.38
0,241,1999.257001,471770,340387.19,-23.16,91.13,-24.29,-21.64,90.95,-22.77,-19.78,-21.3
0,242,1999.284168,469775,338824.69,-23.86,91.54,-24.68,-22.34,91.4,-23.15,-19.78,-21.31
999,243,1999.311334,415885,304671.91,-26.38,94.94,-25.32,-24.83,94.82,-23.79,-20.06,-21.58
0,244,1999.3385,465686,336336.69,-26.48,89.2,-26.03,-24.94,89.12,-24.48,-20.43,-21.97
0,245,1999.365666,468649,339255.19,-26.5,87.61,-26.51,-24.95,87.55,-24.96,-20.68,-22.22
0,246,1999.392832,468008,339661.69,-28.51,86.68,-26.65,-26.95,86.62,-25.09,-20.72,-22.27
0,247,1999.419998,467982,339962.5,-26.09,85.33,-26.46,-24.53,85.26,-24.9,-20.62,-22.17
0,248,1999.447164,467340,339629.69,-27.2,84.43,-25.98,-25.63,84.37,-24.41,-20.42,-21.98
0,249,1999.474331,466850,340600.09,-25.39,81.46,-25.13,-23.81,81.41,-23.55,-20.07,-21.65
0,250,1999.501497,459322,337056.5,-24.26,82.47,-24.37,-22.67,82.47,-22.78,-20.02,-21.61
0,251,1999.528663,457812,336257.0,-23.53,82.37,-23.32,-21.94,82.38,-21.72,-19.88,-21.47
0,252,1999.555829,451879,332012.81,-23.43,82.48,-22.14,-21.83,82.47,-20.54,-19.76,-21.35
0,253,1999.582995,456938,337765.31,-19.66,83.68,-20.84,-18.05,83.7,-19.24,-19.61,-21.2
0,254,1999.610161,449065,333582.91,-20.48,83.85,-19.4,-18.86,83.9,-17.79,-19.33,-20.93
0,255,1999.637328,450470,334605.91,-15.32,84.23,-17.76,-13.71,84.28,-16.14,-18.8,-20.41
999,256,1999.664494,203199,152310.5,-16.05,90.31,-15.96,-14.41,90.39,-14.33,-17.99,-19.61
0,257,1999.69166,452605,336330.09,-16.18,86.38,-14.24,-14.54,86.44,-12.61,-17.09,-18.71
0,258,1999.718826,450942,334512.5,-11.89,86.34,-12.88,-10.25,86.4,-11.23,-16.3,-17.94
0,259,1999.745992,446529,331632.31,-12.29,87.92,-12.31,-10.65,87.98,-10.66,-16.06,-17.7
0,260,1999.773158,448994,333419.09,-8.04,86.97,-11.67,-6.38,87.01,-10.02,-15.48,-17.13
0,261,1999.800324,451627,335045.09,-10.12,87.33,-11.89,-8.46,87.36,-10.23,-15.5,-17.16
0,262,1999.827491,458096,338096.69,-13.14,87.61,-12.47,-11.48,87.67,-10.81,-15.66,-17.32
0,263,1999.854657,459666,337916.91,-16.03,88.69,-13.06,-14.36,88.78,-11.39,-15.65,-17.32
0,264,1999.881823,449493,328855.09,-13.27,87.1,-13.46,-11.58,87.16,-11.78,-15.31,-17.0
0,265,1999.908989,416530,304102.0,-13.61,85.04,-13.64,-11.93,85.07,-11.96,-14.7,-16.39
999,266,1999.936155,419813,308584.0,-14.55,86.93,-13.78,-12.88,86.96,-12.09,-14.03,-15.73
0,267,1999.963321,467809,340010.59,-12.11,83.77,-14.06,-10.41,83.78,-12.37,-13.54,-15.25
0,268,1999.990488,466998,339403.31,-14.45,83.61,-14.46,-12.76,83.63,-12.76,-13.25,-14.96
0,269,2000.017605,465078,337787.19,-16.65,82.5,-14.9,-14.95,82.51,-13.19,-13.09,-14.81
0,270,2000.044697,473313,341967.19,-14.95,84.1,-15.37,-13.24,84.1,-13.66,-13.07,-14.79
0,271,2000.071789,468515,338760.91,-13.55,83.69,-16.03,-11.83,83.65,-14.31,-13.33,-15.06
0,272,2000.098881,465989,337430.91,-16.57,84.78,-16.66,-14.85,84.73,-14.93,-13.64,-15.38
0,273,2000.125973,468701,339963.0,-19.4,85.82,-17.38,-17.67,85.77,-15.65,-14.09,-15.83
0,274,2000.153065,469341,339490.5,-17.73,87.31,-17.93,-15.98,87.2,-16.19,-14.38,-16.13
0,275,2000.180157,458749,331439.5,-19.43,88.14,-18.22,-17.67,88.04,-16.47,-14.4,-16.15
0,276,2000.207249,469132,338911.31,-20.35,90.28,-18.35,-18.59,90.13,-16.59,-14.23,-15.99
0,277,2000.234341,469539,338836.0,-13.99,91.14,-18.62,-12.23,91.0,-16.86,-14.17,-15.93
999,278,2000.261433,423542,311199.09,-18.1,93.47,-19.3,-16.32,93.36,-17.53,-14.48,-16.25
0,279,2000.288525,468289,338711.0,-20.6,88.18,-20.24,-18.82,88.07,-18.46,-15.03,-16.81
0,280,2000.315617,466085,336560.91,-21.51,88.89,-21.02,-19.72,88.78,-19.24,-15.45,-17.23
0,281,2000.342709,468663,338662.31,-23.51,88.87,-21.41,-21.72,88.72,-19.61,-15.51,-17.31
0,282,2000.369801,466070,337899.19,-21.56,88.55,-21.3,-19.76,88.47,-19.5,-15.2,-16.99
0,283,2000.396892,466699,338212.69,-20.93,86.91,-21.26,-19.14,86.95,-19.46,-15.09,-16.89
0,284,2000.423984,463985,337814.09,-20.12,85.53,-21.03,-18.31,85.57,-19.22,-14.97,-16.77
0,285,2000.451076,462981,338308.5,-20.66,84.32,-20.81,-18.84,84.3,-19.0,-15.07,-16.87
0,286,2000.478168,464028,338425.41,-22.61,85.64,-20.47,-20.79,85.63,-18.65,-15.26,-17.07
0,287,2000.50526,462516,338996.19,-20.23,84.05,-19.88,-18.41,84.03,-18.06,-15.42,-17.23
0,288,2000.532352,455244,334514.59,-17.85,85.18,-18.94,-16.01,85.13,-17.1,-15.39,-17.23
999,289,2000.559444,392728,292470.0,-18.54,86.62,-17.68,-16.67,86.62,-15.84,-15.21,-17.04
0,290,2000.586536,449355,332012.31,-17.51,83.15,-16.35,-15.66,83.27,-14.5,-15.02,-16.86
0,291,2000.613628,445580,330644.69,-15.12,83.36,-15.1,-13.26,83.45,-13.24,-14.92,-16.78
0,292,2000.64072,453159,336308.19,-13.01,85.53,-13.6,-11.15,85.6,-11.73,-14.52,-16.38
0,293,2000.667812,449821,334922.59,-15.44,85.27,-12.34,-13.57,85.33,-10.47,-14.24,-16.1
0,294,2000.694904,449630,334227.69,-13.4,86.84,-10.52,-11.52,86.9,-8.65,-13.21,-15.07
0,295,2000.721996,436084,324775.0,-5.55,85.33,-8.94,-3.68,85.46,-7.06,-12.18,-14.05
0,296,2000.749088,444510,329338.31,-3.5,83.67,-7.19,-1.61,83.84,-5.3,-10.72,-12.6
0,297,2000.776179,451207,333650.5,-3.71,84.14,-6.41,-1.81,84.26,-4.51,-9.97,-11.86
0,298,2000.803271,450820,332998.31,-8.05,86.53,-6.39,-6.14,86.67,-4.48,-9.72,-11.62
999,299,2000.830363,409574,304443.19,-7.56,89.96,-6.95,-5.63,90.05,-5.05,-9.85,-11.75
0,300,2000.857455,458005,335179.09,-6.82,84.48,-8.01,-4.91,84.58,-6.1,-10.29,-12.2
0,301,2000.884547,413571,303425.91,-7.59,83.43,-8.92,-5.68,83.53,-7.0,-10.45,-12.38
0,302,2000.911639,433122,315400.59,-8.2,82.63,-10.04,-6.27,82.66,-8.12,-10.78,-12.71
0,303,2000.938731,460663,333762.69,-13.18,82.56,-11.07,-11.27,82.59,-9.14,-11.0,-12.94
0,304,2000.965823,470190,339119.81,-15.16,82.83,-11.81,-13.22,82.84,-9.88,-10.99,-12.93
0,305,2000.992915,468600,337753.31,-11.69,80.68,-12.13,-9.75,80.69,-10.19,-10.62,-12.57
0,306,2001.020062,465660,335902.59,-11.2,80.39,-12.52,-9.25,80.43,-10.57,-10.42,-12.38
999,307,2001.047228,380572,275759.41,-10.79,83.02,-12.91,-8.85,83.03,-10.95,-10.32,-12.29
0,308,2001.074394,466541,337274.91,-12.29,81.33,-13.42,-10.32,81.29,-11.45,-10.44,-12.42
0,309,2001.10156,469509,339570.09,-14.1,82.53,-13.79,-12.13,82.5,-11.82,-10.5,-12.48
0,310,2001.128726,468839,339727.5,-17.77,84.11,-13.83,-15.8,84.01,-11.85,-10.26,-12.25
0,311,2001.155892,468761,338105.69,-13.91,85.64,-13.55,-11.92,85.52,-11.56,-9.72,-11.72
0,312,2001.183059,469042,338391.59,-9.28,85.78,-13.18,-7.29,85.66,-11.18,-9.08,-11.08
0,313,2001.210225,464504,335042.5,-14.48,85.78,-13.13,-12.48,85.58,-11.13,-8.74,-10.74
0,314,2001.237391,462898,334685.91,-11.38,86.29,-13.02,-9.36,86.08,-11.01,-8.28,-10.29
0,315,2001.264557,464255,335099.31,-13.67,86.45,-13.32,-11.65,86.27,-11.3,-8.21,-10.23
0,316,2001.291723,465866,335883.91,-12.95,85.98,-13.75,-10.93,85.83,-11.72,-8.25,-10.28
0,317,2001.318889,464630,335943.0,-15.37,85.56,-14.16,-13.34,85.41,-12.13,-8.3,-10.33
0,318,2001.346055,465675,336721.09,-15.22,84.61,-14.47,-13.18,84.53,-12.44,-8.31,-10.34
0,319,2001.373222,466196,336967.5,-13.96,83.09,-14.64,-11.92,83.05,-12.6,-8.28,-10.31
0,320,2001.400388,461392,334031.0,-14.23,82.46,-14.57,-12.18,82.42,-12.53,-8.16,-10.2
0,321,2001.427554,462154,334075.91,-16.31,82.56,-14.11,-14.26,82.59,-12.06,-7.84,-9.88
0,322,2001.45472,464841,336408.31,-17.06,82.45,-13.13,-15.0,82.45,-11.06,-7.19,-9.25
0,323,2001.481886,448988,326922.69,-10.89,82.58,-11.71,-8.81,82.56,-9.64,-6.34,-8.41
0,324,2001.509052,462164,336879.81,-7.82,82.71,-10.24,-5.75,82.71,-8.16,-5.64,-7.72
0,325,2001.536218,454778,333573.5,-6.73,82.05,-9.04,-4.65,82.09,-6.96,-5.4,-7.47
0,326,2001.563385,446980,329405.81,-9.9,82.56,-8.22,-7.8,82.69,-6.13,-5.66,-7.74
0,327,2001.590551,442383,325627.0,-5.79,83.38,-7.55,-3.7,83.48,-5.45,-6.14,-8.24
0,328,2001.617717,456092,337003.59,-9.39,82.72,-6.71,-7.28,82.77,-4.61,-6.47,-8.56
0,329,2001.644883,454977,336369.19,-7.69,84.73,-5.5,-5.57,84.88,-3.38,-6.33,-8.44
0,330,2001.672049,449066,332561.09,-4.49,84.38,-4.02,-2.37,84.59,-1.9,-5.81,-7.92
0,331,2001.699215,445185,329759.81,0.62,84.63,-2.69,2.75,84.81,-0.56,-5.23,-7.35
0,332,2001.726382,443167,328277.19,0.87,83.72,-1.95,2.99,83.91,0.18,-5.01,-7.13
0,333,2001.753548,447709,332492.91,0.84,83.96,-1.92,2.98,84.14,0.22,-5.22,-7.36
0,334,2001.780714,454294,335781.31,-4.41,84.23,-2.32,-2.26,84.41,-0.18,-5.62,-7.75
0,335,2001.80788,456052,336040.59,-6.67,87.67,-2.78,-4.52,87.87,-0.63,-5.81,-7.95
0,336,2001.835046,456972,336885.81,-1.5,86.46,-3.21,0.66,86.66,-1.05,-5.75,-7.91
0,337,2001.862212,457705,336541.19,0.69,84.95,-3.82,2.85,85.2,-1.65,-5.71,-7.89
0,338,2001.889378,420690,308378.09,-4.74,83.11,-4.75,-2.58,83.3,-2.57,-5.89,-8.07
0,339,2001.916545,460005,336717.41,-8.08,83.76,-5.86,-5.91,83.87,-3.67,-6.19,-8.38
0,340,2001.943711,76484,55434.2,-7.71,85.79,-6.86,-5.42,85.86,-4.66,-6.38,-8.59
0,341,2001.970877,464508,337604.91,-9.1,82.67,-7.58,-6.92,82.79,-5.38,-6.35,-8.57
0,342,2001.998043,465796,337382.5,-5.57,83.58,-8.07,-3.39,83.68,-5.87,-6.18,-8.39
0,343,2002.025209,395831,286965.19,-9.58,83.88,-8.45,-7.39,84.02,-6.25,-6.0,-8.21
0,344,2002.052375,460333,332793.5,-9.91,80.97,-8.76,-7.72,81.04,-6.56,-5.85,-8.06
0,345,2002.079542,464684,336404.31,-7.7,81.36,-8.97,-5.51,81.41,-6.77,-5.69,-7.91
0,346,2002.106708,465476,336880.5,-10.49,80.53,-9.12,-8.27,80.57,-6.91,-5.53,-7.75
0,347,2002.133874,468592,338797.59,-9.49,81.12,-9.29,-7.27,81.13,-7.07,-5.44,-7.66
0,348,2002.16104,462427,334525.41,-6.41,81.03,-9.62,-4.17,80.98,-7.39,-5.5,-7.74
0,349,2002.188206,462759,334480.09,-11.04,81.5,-10.15,-8.81,81.4,-7.91,-5.76,-8.0
0,350,2002.215372,460471,332082.0,-11.22,80.39,-10.79,-8.98,80.26,-8.55,-6.1,-8.34
0,351,2002.242538,464995,335771.5,-12.0,82.33,-11.41,-9.75,82.22,-9.16,-6.37,-8.62
0,352,2002.269705,464380,334256.0,-11.06,81.45,-11.9,-8.8,81.32,-9.64,-6.48,-8.74
0,353,2002.296871,434849,313538.09,-14.61,79.09,-12.23,-12.35,78.97,-9.97,-6.43,-8.69
0,354,2002.324037,462775,334414.09,-11.4,79.43,-12.48,-9.12,79.36,-10.2,-6.31,-8.58
0,355,2002.351203,465729,336023.81,-11.84,80.51,-12.73,-9.56,80.41,-10.45,-6.28,-8.55
0,356,2002.378369,462656,335039.5,-12.62,80.84,-12.99,-10.34,80.72,-10.71,-6.37,-8.64
0,357,2002.405535,459587,332408.91,-14.35,78.88,-13.17,-12.05,78.87,-10.87,-6.52,-8.81
0,358,2002.432702,462511,335527.31,-15.36,78.91,-13.08,-13.06,78.87,-10.78,-6.61,-8.9
0,359,2002.459868,458681,334096.5,-12.34,77.84,-12.64,-10.03,77.82,-10.34,-6.56,-8.86
0,360,2002.487034,458087,333801.0,-11.34,81.24,-11.87,-9.04,81.14,-9.57,-6.4,-8.7
0,361,2002.5142,461766,336826.0,-12.68,82.27,-10.81,-10.37,82.25,-8.49,-6.14,-8.45
0,362,2002.541366,453763,332629.69,-10.17,82.61,-9.48,-7.86,82.68,-7.16,-5.8,-8.11
0,363,2002.568532,454144,334293.81,-8.01,83.36,-8.02,-5.67,83.51,-5.69,-5.44,-7.76
0,364,2002.595698,452679,332751.59,-5.66,81.81,-6.64,-3.32,82.0,-4.3,-5.22,-7.55
0,365,2002.622865,452521,333641.09,-2.74,84.29,-5.53,-0.4,84.46,-3.19,-5.26,-7.59
0,366,2002.650031,448537,331832.59,-5.6,86.45,-4.74,-3.23,86.65,-2.38,-5.52,-7.88
0,367,2002.677197,447361,331529.0,-4.83,90.75,-4.11,-2.48,90.95,-1.75,-5.82,-8.17
0,368,2002.704363,447635,330377.41,-3.24,92.53,-3.48,-0.88,92.71,-1.12,-5.9,-8.26
0,369,2002.731529,449382,331192.59,-2.88,91.72,-2.76,-0.51,91.9,-0.39,-5.65,-8.01
0,370,2002.758695,449773,330956.91,-3.43,90.85,-2.0,-1.05,91.06,0.38,-5.08,-7.46
0,371,2002.785861,450751,331395.09,-0.43,95.26,-1.4,1.96,95.44,0.99,-4.41,-6.8
0,372,2002.813028,448094,328362.81,3.45,96.63,-1.22,5.84,96.8,1.17,-3.93,-6.32
0,373,2002.840194,452030,331123.81,-2.4,95.68,-1.6,-0.02,95.84,0.79,-3.8,-6.19
0,374,2002.86736,457769,334357.31,-2.4,93.28,-2.49,0.01,93.45,-0.09,-4.02,-6.42
0,375,2002.894526,461215,334768.09,-2.05,91.6,-3.7,0.35,91.75,-1.29,-4.46,-6.87
0,376,2002.921692,461459,333971.31,-6.01,91.45,-5.01,-3.59,91.6,-2.6,-4.96,-7.38
0,377,2002.948858,463502,333365.69,-7.2,91.48,-6.24,-4.78,91.65,-3.82,-5.39,-7.82
0,378,2002.976025,466897,336079.91,-6.94,89.9,-7.17,-4.52,90.1,-4.75,-5.59,-8.02
0,379,2003.003191,466812,336101.81,-9.37,88.67,-7.62,-6.94,88.75,-5.2,-5.4,-7.83
0,380,2003.030357,467124,336992.19,-11.69,87.89,-7.52,-9.26,87.91,-5.09,-4.75,-7.19
0,381,2003.057523,458269,330714.81,-5.12,87.06,-7.08,-2.69,87.13,-4.65,-3.87,-6.31
0,382,2003.084689,466889,337324.09,-5.12,86.59,-6.72,-2.67,86.63,-4.27,-3.13,-5.59
0,383,2003.111855,465491,336365.5,-2.81,86.57,-6.74,-0.36,86.62,-4.29,-2.86,-5.32
0,384,2003.139021,466016,336450.19,-8.77,87.11,-7.16,-6.31,87.18,-4.71,-3.03,-5.49
0,385,2003.166188,458565,330122.91,-9.61,88.06,-7.69,-7.14,88.03,-5.22,-3.29,-5.76
0,386,2003.193354,464765,334688.09,-8.92,89.29,-8.06,-6.45,89.23,-5.59,-3.38,-5.86
0,387,2003.22052,465756,335229.59,-7.43,87.99,-8.28,-4.95,87.94,-5.8,-3.29,-5.77
0,388,2003.247686,460828,331658.0,-7.56,85.76,-8.51,-5.06,85.75,-6.02,-3.16,-5.65
0,389,2003.274852,443967,319374.91,-8.13,85.18,-8.89,-5.65,85.12,-6.39,-3.15,-5.65
0,390,2003.302018,461675,333241.91,-9.88,85.29,-9.39,-7.38,85.15,-6.89,-3.28,-5.78
0,391,2003.329185,464007,334651.41,-10.6,84.67,-9.91,-8.08,84.63,-7.4,-3.45,-5.95
0,392,2003.356351,469803,338823.59,-10.35,83.65,-10.35,-7.83,83.6,-7.82,-3.6,-6.13
0,393,2003.383517,461992,334298.5,-10.8,83.97,-10.65,-8.27,83.9,-8.12,-3.76,-6.29
0,394,2003.410683,463513,335127.09,-10.75,82.34,-10.77,-8.2,82.25,-8.24,-3.9,-6.43
0,395,2003.437849,461222,333454.59,-12.6,81.94,-10.68,-10.06,81.97,-8.14,-4.02,-6.56
0,396,2003.465015,459971,334105.41,-9.59,81.23,-10.33,-7.05,81.37,-7.78,-4.1,-6.65
0,397,2003.492181,458232,333432.19,-10.98,81.76,-9.73,-8.42,81.86,-7.17,-4.14,-6.7
0,398,2003.519348,457306,334942.69,-9.77,83.15,-8.93,-7.2,83.19,-6.37,-4.2,-6.75
0,399,2003.546514,453789,333665.59,-6.33,83.75,-8.05,-3.76,83.87,-5.48,-4.32,-6.88
0,400,2003.57368,447728,330178.5,-7.47,84.31,-7.1,-4.89,84.43,-4.53,-4.5,-7.06
0,401,2003.600846,448870,330847.31,-6.26,83.83,-6.04,-3.69,84.02,-3.46,-4.6,-7.17
0,402,2003.628012,449441,331292.09,-8.06,84.33,-4.78,-5.46,84.55,-2.19,-4.47,-7.06
0,403,2003.655178,449217,331523.19,-2.08,87.64,-3.4,0.51,87.8,-0.8,-4.13,-6.72
0,404,2003.682345,447765,331959.19,0.56,86.95,-2.12,3.15,87.08,0.48,-3.74,-6.33
0,405,2003.709511,448508,331709.41,-0.81,87.09,-1.15,1.8,87.26,1.46,-3.43,-6.04
0,406,2003.736677,446477,330403.09,-1.08,88.28,-0.55,1.54,88.45,2.06,-3.26,-5.86
0,407,2003.763843,445412,329868.09,1.07,88.62,-0.32,3.7,88.8,2.3,-3.17,-5.79
0,408,2003.791009,450313,332391.59,-0.32,88.36,-0.47,2.3,88.51,2.15,-3.22,-5.83
0,409,2003.818175,448914,331096.19,1.76,91.18,-1.04,4.39,91.35,1.59,-3.43,-6.06
0,410,2003.845341,452008,333407.0,-2.03,89.51,-1.93,0.6,89.7,0.71,-3.77,-6.41
0,411,2003.872508,392473,287980.5,-3.35,87.2,-2.88,-0.73,87.36,-0.22,-4.01,-6.67
0,412,2003.899674,79192,57371.6,-8.02,92.05,-3.62,-5.29,92.12,-0.96,-3.98,-6.64
0,413,2003.92684,458016,332416.41,-1.83,86.17,-4.07,0.82,86.22,-1.4,-3.61,-6.29
0,414,2003.954006,463942,335902.69,-2.83,84.28,-4.31,-0.17,84.33,-1.64,-3.07,-5.75
0,415,2003.981172,469281,338307.41,-6.67,83.5,-4.4,-4.0,83.51,-1.73,-2.44,-5.12
0,416,2004.008316,468743,338416.41,-6.44,83.94,-4.41,-3.77,83.93,-1.73,-1.82,-4.51
0,417,2004.035407,461285,331474.0,-1.75,86.13,-4.49,0.93,86.22,-1.81,-1.38,-4.07
0,418,2004.062499,460747,331236.31,-2.2,85.43,-4.85,0.48,85.51,-2.17,-1.31,-4.01
0,419,2004.089591,468880,337695.09,-4.58,82.78,-5.5,-1.89,82.76,-2.81,-1.62,-4.32
0,420,2004.116683,338546,244025.3,-10.81,83.51,-6.23,-8.13,83.37,-3.52,-2.05,-4.77
0,421,2004.143775,293466,211020.2,-6.38,82.85,-6.74,-3.62,82.71,-4.02,-2.29,-5.02
0,422,2004.170867,467926,337019.09,-6.09,83.62,-6.99,-3.36,83.49,-4.26,-2.28,-5.02
0,423,2004.197959,466285,335915.41,-7.89,84.73,-7.07,-5.16,84.66,-4.33,-2.07,-4.82
0,424,2004.225051,463521,333392.69,-7.45,85.68,-7.15,-4.71,85.59,-4.41,-1.84,-4.58
0,425,2004.252143,366026,262905.81,-5.6,87.05,-7.39,-2.84,86.84,-4.64,-1.72,-4.47
0,426,2004.279235,464477,333580.19,-7.97,87.15,-7.93,-5.22,86.96,-5.17,-1.87,-4.63
0,427,2004.306327,464250,334583.09,-6.46,85.27,-8.82,-3.69,85.06,-6.06,-2.39,-5.15
0,428,2004.333419,468057,337526.31,-10.2,82.66,-9.95,-7.43,82.61,-7.18,-3.18,-5.95
0,429,2004.360511,469284,338588.81,-11.83,82.24,-11.0,-9.05,82.1,-8.23,-3.98,-6.75
0,430,2004.387603,464887,335045.31,-15.45,83.72,-11.57,-12.69,83.59,-8.8,-4.43,-7.2
0,431,2004.414694,465237,335728.69,-11.89,82.92,-11.43,-9.11,82.85,-8.64,-4.32,-7.11
0,432,2004.441786,465168,335805.09,-12.41,81.79,-10.56,-9.62,81.79,-7.77,-3.7,-6.49
0,433,2004.468878,457434,332472.59,-10.41,82.65,-9.2,-7.6,82.67,-6.4,-2.8,-5.59
0,434,2004.49597,448786,326854.41,-5.22,81.05,-7.73,-2.42,81.01,-4.93,-2.01,-4.81
0,435,2004.523062,453672,330952.19,-5.03,82.77,-6.45,-2.22,82.73,-3.64,-1.6,-4.4
0,436,2004.550154,453036,331774.31,-5.04,83.31,-5.38,-2.23,83.37,-2.57,-1.56,-4.36
0,437,2004.577246,447393,330275.31,-6.28,82.3,-4.36,-3.45,82.41,-1.54,-1.66,-4.47
0,438,2004.604338,447506,330846.19,-4.69,84.68,-3.17,-1.86,84.77,-0.34,-1.63,-4.45
0,439,2004.63143,451569,333816.91,-0.83,86.28,-1.79,1.99,86.43,1.05,-1.37,-4.2
0,440,2004.658522,447580,332025.81,-0.03,87.82,-0.39,2.82,88.01,2.46,-0.99,-3.83
0,441,2004.685614,444284,330330.5,1.11,88.56,0.78,3.97,88.78,3.63,-0.68,-3.53
0,442,2004.712706,443369,329842.5,4.83,89.18,1.54,7.69,89.32,4.4,-0.56,-3.41
0,443,2004.739798,445536,330668.41,1.23,86.27,1.84,4.1,86.42,4.71,-0.64,-3.5
0,444,2004.76689,445179,330423.81,1.7,88.03,1.79,4.57,88.17,4.66,-0.81,-3.68
0,445,2004.793981,437942,323655.0,2.98,88.04,1.48,5.87,88.23,4.36,-0.98,-3.86
0,446,2004.821073,444188,327828.59,0.29,87.82,1.03,3.17,88.01,3.91,-1.06,-3.94
0,447,2004.848165,453533,332595.31,0.35,88.22,0.51,3.23,88.43,3.4,-1.01,-3.9
0,448,2004.875257,454072,332266.91,1.17,87.57,0.0,4.06,87.64,2.9,-0.82,-3.72
0,449,2004.902349,453648,330029.09,-2.72,87.07,-0.43,0.19,87.18,2.47,-0.47,-3.37
0,450,2004.929441,461893,335566.81,0.07,85.86,-0.81,2.98,85.94,2.09,-0.04,-2.95
0,451,2004.956533,455511,329082.31,-1.99,86.12,-1.25,0.91,86.22,1.66,0.3,-2.62
0,452,2004.983625,466971,337052.0,2.52,85.44,-1.8,5.43,85.6,1.11,0.46,-2.46
0,453,2005.010746,470070,339413.31,-4.95,86.08,-2.37,-2.03,86.24,0.54,0.5,-2.42
0,454,2005.037912,462146,333530.91,-5.82,85.0,-2.72,-2.91,85.07,0.2,0.68,-2.26
0,455,2005.065079,464626,333292.81,-2.91,84.76,-2.7,0.01,84.74,0.22,1.11,-1.82
0,456,2005.092245,467216,336759.41,-1.38,84.54,-2.38,1.56,84.41,0.56,1.78,-1.17
0,457,2005.119411,458222,330185.0,-1.41,85.67,-1.96,1.54,85.57,0.98,2.48,-0.47
0,458,2005.146577,453561,326486.69,-3.2,86.73,-1.67,-0.25,86.61,1.28,3.03,0.07
0,459,2005.173743,464055,334020.41,0.98,89.61,-1.64,3.93,89.45,1.32,3.33,0.36
0,460,2005.200909,463716,333146.59,0.33,89.11,-1.91,3.29,88.97,1.05,3.34,0.38
0,461,2005.228075,455954,327984.09,-4.84,85.8,-2.4,-1.88,85.69,0.57,3.18,0.21
0,462,2005.255242,468910,338031.69,-3.86,82.99,-2.93,-0.88,82.78,0.05,3.01,0.03
0,463,2005.282408,463124,333159.31,-1.18,83.72,-3.34,1.81,83.47,-0.35,2.99,0.0
0,464,2005.309574,464791,333596.5,-5.83,84.97,-3.58,-2.82,84.85,-0.58,3.13,0.13
0,465,2005.33674,466190,335914.41,-4.2,84.93,-3.62,-1.19,84.82,-0.62,3.42,0.42
0,466,2005.363906,464406,334442.19,-2.99,84.85,-3.52,0.01,84.63,-0.51,3.76,0.75
0,467,2005.391072,460314,332196.59,-3.31,83.67,-3.34,-0.3,83.45,-0.32,4.05,1.03
0,468,2005.418239,467172,337845.19,-3.14,82.65,-3.13,-0.11,82.59,-0.11,4.18,1.17
0,469,2005.445405,466600,338509.81,-2.9,82.31,-2.93,0.14,82.21,0.11,4.13,1.09
0,470,2005.472571,461863,336166.09,-2.4,81.69,-2.66,0.64,81.56,0.38,3.9,0.86
0,471,2005.499737,458874,335103.09,-4.17,81.65,-2.27,-1.12,81.55,0.78,3.59,0.54
0,472,2005.526903,452904,331751.91,-0.89,81.19,-1.72,2.17,81.26,1.34,3.25,0.19
0,473,2005.554069,454155,333719.0,-1.99,80.81,-1.03,1.07,80.82,2.03,2.89,-0.17
0,474,2005.581235,439716,324330.31,1.11,81.19,-0.25,4.19,81.24,2.83,2.54,-0.53
0,475,2005.608402,448284,331504.91,-0.71,81.0,0.65,2.38,81.16,3.73,2.27,-0.8
0,476,2005.635568,443034,327831.19,0.68,82.05,1.66,3.76,82.2,4.75,2.16,-0.92
0,477,2005.662734,445801,330035.09,3.51,82.28,2.77,6.59,82.36,5.86,2.26,-0.82
0,478,2005.6899,446476,330548.69,4.0,84.09,3.81,7.1,84.15,6.91,2.48,-0.61
0,479,2005.717066,257825,191084.41,5.8,91.82,4.6,8.94,91.91,7.72,2.68,-0.43
0,480,2005.744232,279542,207947.09,6.43,83.77,5.05,9.56,83.95,8.17,2.78,-0.33
0,481,2005.771399,444902,328938.0,6.25,82.9,5.2,9.36,83.02,8.32,2.85,-0.26
0,482,2005.798565,448744,330772.0,3.25,83.88,5.23,6.37,83.95,8.35,3.06,-0.06
0,483,2005.825731,447988,330654.59,3.96,85.93,5.27,7.09,85.97,8.4,3.51,0.38
0,484,2005.852897,451373,332022.31,7.29,86.27,5.28,10.41,86.28,8.41,4.11,0.98
0,485,2005.880063,450260,329825.91,6.39,85.27,5.06,9.53,85.26,8.2,4.62,1.47
0,486,2005.907229,458106,333651.0,5.72,83.66,4.49,8.87,83.7,7.63,4.84,1.69
0,487,2005.934395,464318,337094.09,3.03,83.01,3.59,6.17,83.06,6.73,4.74,1.59
0,488,2005.961562,465314,335782.5,2.12,83.08,2.48,5.27,83.02,5.63,4.41,1.25
0,489,2005.988728,462821,333218.41,2.62,83.63,1.28,5.78,83.53,4.43,3.9,0.74
0,490,2006.015894,467984,337346.59,-0.28,81.55,0.11,2.88,81.49,3.27,3.34,0.17
0,491,2006.04306,469497,338685.81,-2.51,82.07,-0.9,0.66,82.04,2.27,2.83,-0.35
0,492,2006.070226,468478,337565.0,-2.57,81.82,-1.63,0.6,81.7,1.54,2.5,-0.68
0,493,2006.097392,466501,335462.31,-1.92,85.09,-2.07,1.27,84.94,1.11,2.39,-0.8
0,494,2006.124559,463480,334010.81,-2.92,85.07,-2.34,0.26,84.88,0.85,2.4,-0.8
0,495,2006.151725,464154,333862.0,-2.43,86.65,-2.6,0.76,86.42,0.6,2.4,-0.81
0,496,2006.178891,464559,334302.31,0.05,87.45,-2.98,3.26,87.21,0.22,2.28,-0.93
0,497,2006.206057,467452,336559.41,-5.92,88.12,-3.49,-2.7,87.91,-0.27,2.08,-1.15
0,498,2006.233223,468661,337431.09,-3.94,87.77,-4.01,-0.72,87.49,-0.79,1.88,-1.34
0,499,2006.260389,465610,335712.81,-4.09,85.33,-4.42,-0.86,85.06,-1.19,1.84,-1.38
0,500,2006.287555,461749,331963.91,-5.43,86.18,-4.62,-2.2,85.9,-1.38,2.03,-1.21
0,501,2006.314722,461926,332210.81,-5.71,85.93,-4.52,-2.45,85.75,-1.27,2.51,-0.74
0,502,2006.341888,462687,332995.19,-5.44,84.09,-4.1,-2.2,83.89,-0.85,3.24,-0.01
0,503,2006.369054,463044,333377.19,-3.04,83.77,-3.45,0.21,83.62,-0.19,4.11,0.86
0,504,2006.39622,460700,332666.0,-1.39,83.58,-2.71,1.89,83.59,0.55,4.92,1.66
0,505,2006.423386,458571,331723.31,-2.61,83.29,-1.98,0.66,83.25,1.29,5.55,2.28
0,506,2006.450552,463384,335241.19,-1.48,82.71,-1.23,1.8,82.71,2.04,5.98,2.71
0,507,2006.477718,461595,334378.91,-1.32,81.44,-0.42,1.97,81.46,2.86,6.26,2.99
0,508,2006.504885,454266,330428.41,0.54,81.05,0.43,3.8,81.11,3.71,6.36,3.09
0,509,2006.532051,459684,336416.09,2.76,81.04,1.2,6.04,81.07,4.49,6.21,2.92
0,510,2006.559217,451645,332967.19,2.27,81.06,1.86,5.57,81.19,5.15,5.79,2.51
0,511,2006.586383,452341,332709.81,2.54,81.94,2.52,5.84,82.02,5.82,5.31,2.01
0,512,2006.613549,450881,332921.41,0.13,83.51,3.42,3.43,83.65,6.73,5.05,1.75
0,513,2006.640715,446071,330070.19,3.65,84.52,4.65,6.97,84.67,7.96,5.17,1.87
0,514,2006.667882,443046,327690.69,7.47,87.3,6.02,10.8,87.51,9.35,5.58,2.26
0,515,2006.695048,443833,329378.59,9.03,86.64,7.19,12.38,86.83,10.53,5.97,2.63
0,516,2006.722214,434238,323105.81,10.47,87.3,7.94,13.8,87.45,11.28,6.16,2.82
0,517,2006.74938,445379,329566.91,6.96,87.84,8.29,10.31,88.05,11.63,6.21,2.87
0,518,2006.776546,442341,327245.59,7.47,89.01,8.39,10.82,89.24,11.73,6.28,2.94
0,519,2006.803712,448241,330563.69,9.64,88.06,8.31,13.0,88.31,11.66,6.43,3.08
0,520,2006.830878,197247,145329.3,9.08,88.18,7.93,12.38,88.47,11.28,6.49,3.14
0,522,2006.885211,354537,259150.41,7.55,88.5,6.05,10.95,88.6,9.41,5.97,2.61
0,523,2006.912377,459833,335114.19,3.02,86.57,4.98,6.39,86.66,8.35,5.71,2.33
0,524,2006.939543,446632,323413.81,5.59,86.39,4.03,8.93,86.51,7.41,5.57,2.18
0,525,2006.966709,465154,334692.09,2.51,84.28,3.12,5.91,84.41,6.5,5.42,2.03
0,526,2006.993875,469778,338004.69,3.21,82.9,2.19,6.6,83.06,5.58,5.17,1.77
0,527,2007.021042,466591,335614.41,0.97,81.6,1.42,4.36,81.58,4.82,4.99,1.58
0,528,2007.048208,464751,335060.91,-0.96,82.12,0.62,2.44,82.03,4.03,4.67,1.25
0,529,2007.075374,465120,335030.19,-0.94,83.72,0.28,2.48,83.74,3.69,4.71,1.29
0,530,2007.10254,468473,337739.81,-0.32,85.54,0.28,3.1,85.44,3.7,5.03,1.6
0,531,2007.129706,464425,334251.41,0.05,85.09,0.45,3.48,84.92,3.88,5.48,2.04
0,532,2007.156872,467846,336829.31,3.64,86.98,0.56,7.08,86.77,4.0,5.85,2.4
0,533,2007.184038,465872,336136.0,0.15,88.96,0.48,3.58,88.71,3.93,6.04,2.59
0,534,2007.211205,464898,335550.41,-0.02,89.16,0.29,3.45,88.9,3.75,6.15,2.69
0,535,2007.238371,464707,335189.0,-2.11,87.91,0.12,1.37,87.67,3.6,6.34,2.86
0,536,2007.265537,463528,333723.0,1.1,88.09,-0.03,4.59,87.93,3.45,6.56,3.08
0,537,2007.292703,463215,333328.81,1.52,86.49,-0.31,5.01,86.24,3.17,6.65,3.18
0,538,2007.319869,461949,332785.69,1.08,85.39,-0.79,4.57,85.12,2.7,6.54,3.06
0,539,2007.347035,462641,333376.19,-4.63,84.55,-1.34,-1.15,84.34,2.15,6.29,2.8
0,540,2007.374202,464257,335578.0,-2.25,85.11,-1.73,1.24,85.05,1.76,6.09,2.6
0,541,2007.401368,459283,332442.31,-1.93,82.97,-1.87,1.57,82.9,1.63,5.99,2.5
0,542,2007.428534,464378,336763.0,-1.53,82.32,-1.79,1.99,82.28,1.72,5.93,2.43
0,543,2007.4557,460413,333970.0,-2.15,81.08,-1.58,1.38,81.03,1.94,5.79,2.28
0,544,2007.482866,460337,335139.19,-1.56,83.25,-1.31,1.98,83.25,2.23,5.5,1.97
0,545,2007.510032,459314,336006.81,-0.2,82.77,-0.97,3.34,82.7,2.57,5.06,1.52
0,546,2007.537198,456974,335186.81,-0.73,81.44,-0.52,2.82,81.54,3.03,4.55,1.01
0,547,2007.564365,450046,331012.19,-1.83,80.27,0.14,1.74,80.36,3.7,4.13,0.58
0,548,2007.591531,450289,332730.69,-0.74,81.98,1.0,2.83,81.97,4.57,3.84,0.27
0,549,2007.618697,448288,330594.09,5.47,80.37,1.92,9.03,80.4,5.49,3.59,0.03
0,550,2007.645863,446435,329770.0,3.26,81.42,2.74,6.85,81.61,6.33,3.34,-0.24
0,551,2007.673029,447829,331485.0,2.0,83.77,3.47,5.59,83.95,7.06,3.12,-0.46
0,552,2007.700195,445000,330815.19,2.74,85.68,4.17,6.35,85.85,7.77,3.08,-0.51
0,553,2007.727361,447701,331998.81,6.94,87.24,4.86,10.55,87.41,8.46,3.26,-0.33
0,554,2007.754528,449076,332423.81,5.96,87.52,5.44,9.57,87.75,9.05,3.6,-0.0
0,555,2007.781694,443764,327691.5,5.61,87.29,5.85,9.22,87.5,9.46,4.03,0.42
0,556,2007.80886,450542,332829.0,7.14,85.56,6.12,10.74,85.76,9.73,4.57,0.96
0,557,2007.836026,454731,334896.31,4.71,85.07,6.28,8.33,85.2,9.9,5.22,1.6
0,558,2007.863192,457962,335560.91,6.82,84.62,6.28,10.43,84.7,9.9,5.86,2.24
0,559,2007.890358,459145,335073.31,8.52,83.62,5.92,12.14,83.67,9.54,6.25,2.63
0,560,2007.917525,458040,332398.81,6.8,82.39,5.07,10.43,82.52,8.7,6.21,2.58
0,561,2007.944691,464562,336403.69,4.9,81.71,3.82,8.53,81.83,7.45,5.76,2.12
0,562,2007.971857,463780,334872.0,-0.15,81.29,2.52,3.48,81.37,6.15,5.2,1.56
0,563,2007.999023,465984,336319.19,-0.85,82.96,1.5,2.77,82.85,5.14,4.85,1.2
0,564,2008.026118,466879,336283.81,0.68,83.08,0.88,4.33,82.84,4.52,4.79,1.13
0,565,2008.05321,466257,336234.5,1.67,84.33,0.46,5.33,84.18,4.12,4.84,1.17
0,566,2008.080301,466126,336291.31,1.68,85.47,0.03,5.34,85.36,3.7,4.79,1.1
0,567,2008.107393,460439,332937.91,-2.06,87.23,-0.46,1.62,87.08,3.21,4.59,0.91
0,568,2008.134485,463710,335025.81,-0.47,89.09,-0.91,3.21,88.83,2.77,4.41,0.72
0,569,2008.161577,464457,335531.5,-3.69,90.03,-1.21,0.0,89.74,2.48,4.37,0.67
0,570,2008.188669,466132,336841.91,-0.51,90.73,-1.37,3.19,90.38,2.33,4.49,0.78
0,571,2008.215761,465039,336010.69,0.31,90.01,-1.53,4.0,89.72,2.18,4.64,0.93
0,572,2008.242853,463385,333689.0,-2.27,89.3,-1.79,1.46,88.96,1.93,4.73,1.01
0,573,2008.269945,460612,331466.19,-2.45,89.39,-2.09,1.28,88.95,1.64,4.81,1.08
0,574,2008.297037,459916,331279.91,-2.13,89.71,-2.21,1.6,89.41,1.53,5.07,1.34
0,575,2008.324129,459469,330645.31,-4.64,88.32,-1.93,-0.89,88.0,1.82,5.71,1.97
0,576,2008.351221,203287,146891.59,-3.28,87.35,-1.14,0.51,87.12,2.62,6.79,3.04
0,577,2008.378313,462063,332610.69,0.54,84.76,0.01,4.29,84.68,3.76,8.1,4.36
0,578,2008.405405,465782,336471.5,3.66,85.0,1.2,7.42,84.91,4.96,9.31,5.56
0,579,2008.432497,463330,336264.31,2.41,84.69,2.21,6.16,84.58,5.97,10.15,6.39
0,580,2008.459588,460110,335539.59,2.66,81.97,2.95,6.43,81.83,6.71,10.49,6.74
0,581,2008.48668,459184,334785.31,3.96,82.11,3.5,7.71,82.06,7.27,10.45,6.68
0,582,2008.513772,460078,335845.31,4.0,82.07,3.97,7.79,82.09,7.75,10.11,6.34
0,583,2008.540864,441308,325088.0,4.38,83.44,4.44,8.15,83.63,8.23,9.61,5.83
0,584,2008.567956,452258,332807.31,4.66,85.11,4.98,8.48,85.33,8.78,9.06,5.26
0,585,2008.595048,441337,325854.0,4.17,84.53,5.62,8.01,84.58,9.44,8.55,4.74
0,586,2008.62214,448893,333058.69,7.68,84.41,6.33,11.5,84.56,10.16,8.12,4.3
0,587,2008.649232,437520,324879.69,7.27,86.34,7.03,11.12,86.6,10.86,7.75,3.92
0,588,2008.676324,440240,326711.0,7.9,86.84,7.69,11.75,87.18,11.53,7.49,3.66
0,589,2008.703416,446465,330323.5,7.08,87.32,8.33,10.9,87.58,12.17,7.41,3.57
0,590,2008.730508,445976,329655.91,9.32,86.35,8.92,13.15,86.53,12.76,7.52,3.68
0,591,2008.7576,447080,329754.59,10.68,84.6,9.38,14.52,84.79,13.22,7.76,3.93
0,592,2008.784692,450082,332653.09,10.46,86.2,9.57,14.31,86.41,13.42,8.01,4.16
0,593,2008.811784,449166,332636.09,10.16,86.11,9.49,14.02,86.37,13.34,8.22,4.37
0,594,2008.838875,451010,333120.31,8.47,85.32,9.21,12.33,85.51,13.07,8.45,4.59
0,595,2008.865967,454424,333618.81,8.99,85.16,8.81,12.86,85.28,12.68,8.71,4.84
0,596,2008.893059,458145,334840.0,7.69,85.17,8.27,11.55,85.41,12.14,8.93,5.06
0,597,2008.920151,455195,331079.41,11.01,83.8,7.5,14.9,83.9,11.37,8.96,5.08
0,598,2008.947243,461715,334937.81,6.38,83.8,6.53,10.26,83.92,10.41,8.79,4.9
0,599,2008.974335,463634,336345.31,2.97,82.47,5.56,6.85,82.46,9.45,8.57,4.66
0,600,2009.001431,470396,338791.41,4.3,83.32,4.8,8.18,83.17,8.69,8.45,4.55
0,601,2009.028597,357770,257729.3,3.45,81.71,4.31,7.36,81.56,8.2,8.51,4.61
0,602,2009.055763,461952,333730.81,5.91,84.14,4.0,9.79,84.1,7.9,8.66,4.75
0,603,2009.082929,465340,335379.59,3.13,83.42,3.81,7.03,83.3,7.72,8.84,4.92
0,604,2009.110096,468385,337494.19,2.0,84.33,3.78,5.92,84.09,7.7,9.11,5.18
0,605,2009.137262,468230,337355.0,3.69,85.29,3.95,7.62,85.07,7.87,9.54,5.61
0,606,2009.164428,464166,334843.81,4.4,86.04,4.24,8.33,85.84,8.18,10.1,6.15
0,607,2009.191594,463770,334035.0,5.26,86.13,4.49,9.21,85.92,8.43,10.62,6.67
0,608,2009.21876,464705,334401.09,6.05,85.18,4.52,10.01,84.88,8.48,10.97,7.01
0,609,2009.245926,463134,333122.0,4.36,85.56,4.31,8.33,85.2,8.28,11.12,7.15
0,610,2009.273092,466342,336361.09,3.26,85.95,3.94,7.23,85.69,7.92,11.13,7.15
0,611,2009.300259,467720,336712.0,3.87,84.73,3.54,7.84,84.45,7.52,11.11,7.13
0,612,2009.327425,462000,332715.69,2.75,84.08,3.16,6.76,83.81,7.15,11.08,7.1
0,613,2009.354591,460489,332390.59,3.11,84.16,2.89,7.1,84.06,6.88,11.08,7.1
0,614,2009.381757,465349,335244.91,2.26,83.13,2.76,6.25,83.06,6.76,11.11,7.12
0,615,2009.408923,444651,321345.31,1.08,81.44,2.83,5.11,81.45,6.84,11.18,7.18
0,616,2009.436089,456964,331093.59,3.76,81.05,3.1,7.77,81.12,7.12,11.26,7.24
0,617,2009.463256,462232,336542.19,4.18,79.67,3.59,8.19,79.67,7.62,11.33,7.31
0,618,2009.490422,454506,331509.91,2.77,78.24,4.36,6.8,78.31,8.39,11.47,7.44
0,619,2009.517588,457621,335109.19,3.13,78.95,5.47,7.15,78.99,9.51,11.75,7.71
0,620,2009.544754,451871,332633.5,6.63,79.23,6.89,10.71,79.29,10.93,12.16,8.13
0,621,2009.57192,451052,332465.41,11.03,80.25,8.42,15.08,80.28,12.48,12.59,8.54
0,622,2009.599086,450698,333728.0,9.54,81.46,9.91,13.6,81.69,13.97,12.91,8.86
0,623,2009.626252,443573,328389.19,10.65,84.62,11.31,14.72,84.94,15.37,13.16,9.11
0,624,2009.653419,446329,330657.59,12.56,85.29,12.66,16.64,85.59,16.73,13.46,9.4
0,625,2009.680585,442957,329678.69,14.05,84.95,13.95,18.11,85.16,18.02,13.85,9.79
0,626,2009.707751,443874,330517.0,16.39,84.38,15.09,20.48,84.63,19.17,14.31,10.24
0,627,2009.734917,444797,330027.0,16.96,85.05,16.01,21.04,85.26,20.09,14.79,10.72
0,628,2009.762083,445789,331219.5,16.23,85.59,16.7,20.31,86.0,20.79,15.32,11.24
0,629,2009.789249,445128,329727.31,16.84,85.24,17.16,20.92,85.56,21.25,15.87,11.78
0,630,2009.816415,446705,330583.59,18.71,86.83,17.31,22.8,87.21,21.41,16.36,12.26
0,631,2009.843582,449644,332013.19,19.82,88.99,17.02,23.93,89.25,21.11,16.59,12.5
0,632,2009.870748,454594,334487.09,16.1,87.51,16.23,20.2,87.69,20.33,16.49,12.39
0,633,2009.897914,457484,334483.91,16.07,87.96,15.1,20.18,88.13,19.2,16.13,12.03
0,634,2009.92508,458280,333102.0,12.86,87.83,13.88,16.96,87.98,17.98,15.72,11.61
0,635,2009.952246,465183,335198.69,9.87,86.45,12.76,13.98,86.71,16.87,15.39,11.27
0,636,2009.979412,467742,336386.5,14.85,87.36,11.77,18.95,87.59,15.88,15.12,11.0
0,637,2010.006579,469144,337764.09,10.18,86.6,10.86,14.31,86.69,14.98,14.86,10.72
0,638,2010.033745,464820,334618.5,9.9,85.67,10.07,14.03,85.6,14.19,14.6,10.46
0,639,2010.060911,467142,336506.5,8.44,84.56,9.59,12.57,84.46,13.72,14.55,10.41
0,640,2010.088077,466418,335993.81,5.98,84.38,9.58,10.11,84.26,13.72,14.9,10.75
0,641,2010.115243,466590,335571.5,9.74,86.5,9.94,13.88,86.41,14.09,15.55,11.39
0,642,2010.142409,468528,337392.5,12.63,86.76,10.29,16.79,86.67,14.45,16.16,12.0
0,643,2010.169575,465927,335136.0,15.16,88.46,10.22,19.33,88.37,14.4,16.37,12.18
0,644,2010.196742,463902,334189.5,7.62,86.89,9.66,11.8,86.65,13.85,16.09,11.9
0,645,2010.223908,465582,335680.5,8.17,85.69,8.86,12.38,85.45,13.06,15.62,11.41
0,646,2010.251074,465719,335736.5,6.72,86.09,8.14,10.94,85.93,12.35,15.26,11.05
0,647,2010.27824,466822,336446.69,8.16,85.27,7.67,12.38,85.0,11.89,15.17,10.95
0,648,2010.305406,465293,335205.19,7.49,84.2,7.49,11.7,83.87,11.71,15.37,11.15
0,649,2010.332572,465981,335781.69,5.97,84.64,7.59,10.19,84.37,11.82,15.81,11.58
0,650,2010.359739,464320,334725.09,6.34,84.95,7.98,10.58,84.8,12.22,16.46,12.23
0,651,2010.386905,464742,336418.0,10.24,84.7,8.57,14.48,84.51,12.81,17.17,12.94
0,652,2010.414071,462430,336051.41,9.23,82.97,9.18,13.49,82.81,13.43,17.75,13.5
0,653,2010.441237,463238,336390.91,9.76,85.04,9.67,14.01,85.05,13.93,18.0,13.75
0,654,2010.468403,461347,336237.59,10.68,84.24,9.98,14.94,84.2,14.25,17.86,13.6
0,655,2010.495569,453969,333237.69,10.97,83.08,10.12,15.27,83.15,14.39,17.32,13.06
0,656,2010.522735,453133,333524.19,9.15,82.43,10.13,13.41,82.51,14.41,16.47,12.19
0,657,2010.549902,455192,336200.0,10.72,81.51,10.09,15.0,81.6,14.38,15.4,11.12
0,658,2010.577068,449960,333256.81,9.84,82.24,10.06,14.12,82.36,14.35,14.24,9.96
0,659,2010.604234,444089,330930.59,9.21,84.85,10.05,13.52,85.22,14.35,13.07,8.77
0,660,2010.6314,445289,331429.81,11.76,85.65,10.1,16.07,86.02,14.41,11.99,7.69
0,661,2010.658566,449031,334763.41,8.26,86.48,10.23,12.59,86.78,14.55,11.1,6.78
0,662,2010.685732,444637,331692.0,10.41,87.87,10.46,14.72,88.13,14.78,10.46,6.15
0,663,2010.712899,443674,330920.41,11.53,89.42,10.78,15.84,89.75,15.1,10.14,5.83
0,664,2010.740065,447705,332638.81,11.01,89.57,11.13,15.34,89.81,15.46,10.11,5.79
0,665,2010.767231,445433,331212.81,9.87,91.62,11.41,14.2,91.83,15.75,10.28,5.94
0,666,2010.794397,444736,330143.69,14.36,90.41,11.45,18.72,90.61,15.8,10.47,6.12
0,667,2010.821563,447427,331622.69,12.61,90.0,11.1,16.97,90.21,15.45,10.49,6.14
0,668,2010.848729,448510,332020.69,10.53,89.62,10.31,14.88,89.81,14.67,10.27,5.91
0,669,2010.875895,452915,334242.31,10.08,87.8,9.25,14.44,87.95,13.61,9.91,5.55
0,670,2010.903062,456293,336249.31,6.16,88.84,8.19,10.51,88.93,12.55,9.63,5.27
0,671,2010.930228,459843,337265.41,6.29,89.38,7.34,10.65,89.32,11.7,9.59,5.22
0,672,2010.957394,460114,335598.59,6.38,88.09,6.7,10.76,87.94,11.07,9.73,5.35
0,673,2010.98456,462607,336404.59,8.15,89.03,6.16,12.51,88.92,10.53,9.9,5.52
0,674,2011.011726,467231,338228.31,5.32,89.7,5.63,9.7,89.52,10.0,9.98,5.6
0,675,2011.038892,467264,337261.31,3.79,91.7,5.15,8.17,91.59,9.53,10.02,5.63
0,676,2011.066059,468156,337004.91,4.32,89.87,4.79,8.7,89.66,9.17,10.07,5.68
0,677,2011.093225,468723,338413.59,4.67,89.37,4.56,9.05,89.17,8.94,10.17,5.78
0,678,2011.120391,463318,334479.31,4.81,90.41,4.32,9.16,90.19,8.71,10.22,5.82
0,679,2011.147557,466854,336667.0,4.76,89.71,3.93,9.16,89.42,8.33,10.09,5.68
0,680,2011.174723,465684,335764.81,3.9,91.09,3.32,8.34,90.91,7.74,9.76,5.33
0,681,2011.201889,467243,337186.91,3.64,90.54,2.59,8.08,90.33,7.02,9.32,4.89
0,682,2011.229055,465298,335538.69,-0.96,91.2,1.9,3.48,90.91,6.34,8.96,4.52
0,683,2011.256222,463297,333515.81,1.18,90.48,1.38,5.65,90.17,5.84,8.82,4.36
0,684,2011.283388,464891,334905.81,1.79,91.84,1.1,6.24,91.57,5.56,8.91,4.46
0,685,2011.310554,465903,336044.31,1.45,91.64,1.08,5.91,91.42,5.54,9.26,4.81
0,686,2011.33772,467163,337006.69,-2.24,89.48,1.36,2.23,89.24,5.84,9.89,5.41
0,687,2011.364886,466328,336057.41,2.28,87.66,2.02,6.77,87.4,6.5,10.78,6.3
0,688,2011.392052,467017,337454.5,3.43,85.59,3.02,7.94,85.43,7.51,11.88,7.4
0,689,2011.419218,465694,336643.81,2.56,85.76,4.22,7.05,85.73,8.71,13.0,8.51
0,690,2011.446385,461082,335757.69,6.12,83.11,5.43,10.61,83.05,9.92,13.92,9.44
0,691,2011.473551,463756,337902.31,9.18,82.67,6.47,13.66,82.56,10.97,14.47,9.97
0,692,2011.500717,455892,334238.59,6.85,82.12,7.33,11.37,82.06,11.84,14.62,10.11
0,693,2011.527883,458780,336546.91,7.35,80.4,8.19,11.86,80.43,12.71,14.58,10.07
0,694,2011.555049,457306,336942.91,7.31,81.76,9.29,11.85,81.91,13.82,14.64,10.11
0,695,2011.582215,450856,333202.5,9.21,83.02,10.7,13.75,83.17,15.24,14.91,10.37
0,696,2011.609382,445020,329601.91,14.15,83.07,12.26,18.7,83.21,16.81,15.31,10.76
0,697,2011.636548,443542,328648.31,14.87,85.13,13.64,19.45,85.33,18.2,15.57,11.02
0,698,2011.663714,446074,330582.09,16.51,85.98,14.66,21.08,86.25,19.22,15.59,11.04
0,699,2011.69088,448627,332555.5,15.14,88.14,15.36,19.69,88.52,19.93,15.47,10.91
0,700,2011.718046,449001,333673.81,14.13,87.8,15.9,18.69,88.09,20.47,15.42,10.85
0,701,2011.745212,446461,332079.19,16.45,88.09,16.31,21.06,88.33,20.89,15.5,10.92
0,702,2011.772378,444418,328861.69,18.58,87.63,16.44,23.13,87.89,21.02,15.55,10.98
0,703,2011.799545,449624,331316.81,20.02,88.86,16.1,24.6,89.19,20.68,15.4,10.82
0,704,2011.826711,450305,332516.91,14.26,88.45,15.39,18.83,88.79,19.97,15.1,10.52
0,705,2011.853877,455552,334002.69,11.87,88.15,14.62,16.46,88.45,19.2,14.92,10.34
0,706,2011.881043,459892,336375.09,12.56,85.1,14.08,17.15,85.19,18.68,15.13,10.52
0,707,2011.908209,461697,336494.69,15.56,84.67,13.83,20.17,84.8,18.43,15.67,11.06
0,708,2011.935375,461785,335571.5,14.03,82.93,13.72,18.62,83.2,18.32,16.36,11.75
0,709,2011.962542,465663,336784.41,13.14,82.51,13.68,17.75,82.58,18.28,17.08,12.47
0,710,2011.989708,467383,338349.59,12.25,82.16,13.74,16.86,82.16,18.35,17.85,13.22
0,711,2012.016828,467350,337541.69,14.58,81.45,13.93,19.19,81.42,18.55,18.64,14.01
0,712,2012.04392,469455,338353.5,13.63,81.34,14.21,18.26,81.22,18.84,19.42,14.77
0,713,2012.071012,469162,338387.19,15.53,81.22,14.45,20.16,81.01,19.09,20.06,15.41
0,714,2012.098104,465172,335684.0,14.62,82.46,14.52,19.25,82.31,19.16,20.45,15.8
0,715,2012.125195,466025,335263.81,15.49,84.42,14.34,20.15,84.11,18.99,20.54,15.89
0,716,2012.152287,466323,336001.41,14.63,85.88,13.95,19.29,85.59,18.61,20.41,15.75
0,717,2012.179379,466560,337858.09,12.67,87.24,13.45,17.34,86.97,18.12,20.18,15.51
0,718,2012.206471,464298,335724.81,12.17,87.63,13.01,16.85,87.2,17.69,20.04,15.36
0,719,2012.233563,462580,333749.81,12.73,86.39,12.73,17.42,85.98,17.42,20.1,15.41
0,720,2012.260655,461165,332399.09,11.81,87.78,12.61,16.48,87.41,17.31,20.35,15.65
0,721,2012.287747,462922,334138.09,13.06,87.5,12.6,17.78,87.17,17.3,20.72,16.02
0,722,2012.314839,464277,335049.59,13.2,87.38,12.62,17.92,87.1,17.33,21.11,16.4
0,723,2012.341931,462766,334164.09,12.05,87.64,12.71,16.77,87.45,17.43,21.52,16.8
0,724,2012.369023,465085,335115.91,12.5,86.03,12.99,17.24,85.92,17.72,22.02,17.3
0,725,2012.396115,465260,335709.81,11.76,84.59,13.57,16.49,84.56,18.3,22.67,17.94
0,726,2012.423207,464224,336494.59,13.49,84.04,14.47,18.23,84.03,19.21,23.47,18.73
0,727,2012.450299,463912,336120.81,17.6,83.28,15.61,22.33,83.2,20.35,24.29,19.56
0,728,2012.477391,462453,336965.31,15.88,82.06,16.9,20.62,82.2,21.64,25.05,20.31
0,729,2012.504482,461388,337024.0,16.58,81.98,18.26,21.35,82.06,23.02,25.68,20.93
0,730,2012.531574,452169,332949.81,20.82,82.68,19.59,25.57,82.88,24.35,26.09,21.33
0,731,2012.558666,454444,334914.5,22.79,83.19,20.73,27.57,83.42,25.5,26.17,21.4
0,732,2012.585758,448511,331282.69,21.86,83.32,21.6,26.61,83.53,26.38,25.89,21.12
0,733,2012.61285,447983,331603.0,22.9,84.75,22.32,27.71,85.1,27.1,25.45,20.68
0,734,2012.639942,448223,332799.09,19.87,86.18,23.13,24.65,86.63,27.92,25.16,20.38
0,735,2012.667034,446900,331942.41,24.39,86.93,24.19,29.19,87.31,28.99,25.25,20.45
0,736,2012.694126,446535,332335.19,24.88,86.05,25.43,29.67,86.44,30.23,25.69,20.9
0,737,2012.721218,444370,330804.5,28.6,85.45,26.55,33.42,85.79,31.35,26.24,21.45
0,738,2012.74831,444304,329161.81,28.83,87.05,27.27,33.65,87.37,32.08,26.66,21.86
0,739,2012.775402,448180,331023.09,29.12,84.4,27.5,33.92,84.78,32.31,26.85,22.05
0,740,2012.802494,448071,330550.5,26.69,84.47,27.32,31.48,84.77,32.13,26.88,22.08
0,741,2012.829586,452330,334024.0,26.6,84.34,26.95,31.41,84.71,31.76,26.95,22.14
0,742,2012.856677,453510,334254.09,26.82,83.15,26.54,31.65,83.41,31.36,27.15,22.33
0,743,2012.883769,458004,335120.0,25.8,81.81,26.16,30.61,82.04,30.98,27.5,22.68
0,744,2012.910861,463025,336875.59,25.1,80.78,25.75,29.94,80.99,30.59,27.91,23.06
0,745,2012.937953,464601,336498.0,27.89,79.46,25.25,32.75,79.58,30.1,28.21,23.36
0,746,2012.965045,463926,335016.91,23.41,80.31,24.64,28.25,80.38,29.49,28.36,23.5
0,747,2012.992137,466728,336913.5,24.41,80.39,24.0,29.26,80.44,28.85,28.4,23.54
0,748,2013.019282,470251,338951.91,22.42,80.17,23.45,27.27,80.08,28.31,28.45,23.57
0,749,2013.046448,467055,337089.81,21.55,80.79,23.07,26.42,80.58,27.94,28.56,23.67
0,750,2013.073614,461684,333237.5,24.23,81.23,22.8,29.1,81.04,27.68,28.68,23.79
0,751,2013.10078,456640,328461.91,23.5,80.77,22.55,28.4,80.67,27.43,28.74,23.85
0,752,2013.127946,466416,336105.5,21.24,81.59,22.26,26.12,81.34,27.15,28.73,23.83
0,753,2013.155113,467948,337714.81,21.23,83.57,21.97,26.12,83.21,26.86,28.69,23.79
0,754,2013.182279,463726,335507.59,22.5,84.93,21.63,27.4,84.62,26.53,28.62,23.72
0,755,2013.209445,465104,334467.81,21.71,86.16,21.15,26.64,85.88,26.05,28.43,23.53
0,756,2013.236611,124685,88863.8,21.85,84.47,20.43,26.65,84.21,25.34,28.06,23.15
0,757,2013.263777,311052,224637.5,20.17,87.36,19.5,25.19,87.0,24.43,27.51,22.58
0,758,2013.290943,466201,335247.59,15.99,86.35,18.54,20.94,85.99,23.48,26.94,22.0
0,759,2013.318109,464725,334700.41,17.95,88.04,17.67,22.9,87.78,22.63,26.45,21.49
0,760,2013.345276,465630,336126.5,17.7,89.19,16.97,22.64,89.09,21.93,26.05,21.1
0,761,2013.372442,466218,336836.31,15.52,88.1,16.44,20.5,87.86,21.41,25.73,20.76
0,762,2013.399608,464115,335048.0,15.24,87.0,16.15,20.22,86.71,21.12,25.49,20.52
0,763,2013.426774,462543,335346.41,15.54,85.28,16.13,20.53,85.02,21.11,25.34,20.37
0,764,2013.45394,460735,336381.5,15.47,83.53,16.39,20.47,83.44,21.38,25.26,20.28
0,765,2013.481106,457107,335316.91,17.58,81.38,16.9,22.56,81.28,21.9,25.22,20.22
0,766,2013.508272,454438,333918.09,16.77,82.48,17.59,21.79,82.53,22.6,25.14,20.14
0,767,2013.535439,452187,333927.59,17.41,81.6,18.38,22.42,81.64,23.4,24.99,19.98
0,768,2013.562605,446612,331323.5,20.52,82.61,19.2,25.56,82.68,24.23,24.73,19.71
0,769,2013.589771,447603,331914.81,21.4,81.71,20.01,26.44,81.87,25.04,24.38,19.36
0,770,2013.616937,445213,331663.91,18.19,83.9,20.87,23.25,84.13,25.91,24.09,19.05
0,771,2013.644103,445662,332255.69,21.36,83.84,21.86,26.43,84.09,26.9,23.98,18.95
0,772,2013.671269,315759,235133.5,23.54,83.56,22.94,28.52,84.0,27.99,24.11,19.07
0,773,2013.698436,224981,168523.7,25.18,84.99,23.97,30.26,85.28,29.02,24.37,19.33
0,774,2013.725602,442544,330501.81,25.28,86.49,24.82,30.33,86.66,29.87,24.69,19.65
0,775,2013.752768,442855,329660.31,25.79,87.89,25.48,30.83,88.09,30.53,25.09,20.05
0,776,2013.779934,447229,332125.0,24.9,86.8,25.98,29.95,87.15,31.04,25.6,20.55
0,777,2013.8071,447176,332305.5,27.32,85.27,26.32,32.38,85.63,31.38,26.19,21.13
0,778,2013.834266,448574,332952.5,28.0,85.66,26.38,33.08,86.14,31.45,26.73,21.66
0,779,2013.861432,450800,334072.0,26.38,83.72,26.06,31.46,84.14,31.13,27.05,21.97
0,780,2013.888599,454546,334477.09,26.64,82.58,25.33,31.71,82.9,30.4,27.06,21.99
0,781,2013.915765,458669,336119.09,25.57,83.05,24.33,30.66,83.37,29.41,26.87,21.78
0,782,2013.942931,461235,335633.69,20.94,82.64,23.32,26.01,82.95,28.41,26.67,21.57
0,783,2013.970097,461546,335779.31,20.93,82.83,22.59,26.04,83.14,27.67,26.68,21.58
0,784,2013.997263,463726,335768.5,22.28,81.02,22.24,27.35,81.09,27.33,27.0,21.9
0,785,2014.024429,468381,337761.59,21.57,81.57,22.22,26.65,81.63,27.32,27.56,22.44
0,786,2014.051596,468763,337414.5,22.92,80.66,22.43,28.03,80.73,27.52,28.22,23.11
0,787,2014.078762,465777,336316.41,22.17,82.69,22.75,27.27,82.69,27.85,28.92,23.81
0,788,2014.105928,468574,337885.91,22.72,83.6,23.1,27.83,83.5,28.21,29.58,24.46
0,789,2014.133094,469279,338115.81,24.03,83.28,23.39,29.14,83.11,28.51,30.14,25.01
0,790,2014.16026,463543,335000.31,24.73,86.23,23.47,29.84,86.08,28.6,30.48,25.34
0,791,2014.187426,464858,335437.69,24.01,86.15,23.25,29.16,85.95,28.38,30.52,25.39
0,792,2014.214592,466341,335904.41,22.85,86.83,22.67,28.0,86.69,27.81,30.25,25.11
0,793,2014.241759,466358,336490.09,22.91,86.13,21.77,28.05,86.09,26.93,29.71,24.55
0,794,2014.268925,467292,336857.91,21.01,84.5,20.67,26.19,84.33,25.84,28.99,23.82
0,795,2014.296091,464452,334425.41,19.0,83.94,19.56,24.19,83.84,24.74,28.27,23.09
0,796,2014.323257,465699,334553.91,17.01,84.23,18.67,22.19,84.26,23.86,27.74,22.56
0,797,2014.350423,464436,335505.59,17.28,84.24,18.2,22.47,84.25,23.4,27.57,22.37
0,798,2014.377589,464663,334451.69,16.73,85.01,18.21,21.94,84.96,23.42,27.76,22.55
0,799,2014.404756,463476,335143.0,18.55,83.7,18.65,23.79,83.68,23.87,28.23,23.01
0,800,2014.431922,463199,335375.19,19.65,83.15,19.43,24.87,83.16,24.65,28.83,23.62
0,801,2014.459088,455741,332034.91,18.78,80.69,20.45,24.0,80.89,25.69,29.48,24.25
0,802,2014.486254,453853,333314.91,21.72,80.0,21.65,26.99,80.11,26.89,30.08,24.84
0,803,2014.51342,454284,334710.5,23.74,78.93,22.94,28.98,79.12,28.18,30.56,25.32
0,804,2014.540586,450364,333015.81,24.72,79.69,24.26,29.97,79.81,29.51,30.9,25.66
0,805,2014.567752,443960,330124.41,23.57,81.44,25.62,28.81,81.66,30.87,31.16,25.91
0,806,2014.594919,441472,330138.81,27.67,81.97,26.97,32.91,82.41,32.22,31.34,26.1
0,807,2014.622085,443345,330759.81,29.53,82.97,28.18,34.81,83.49,33.44,31.4,26.15
0,808,2014.649251,441960,328850.69,30.23,84.07,29.12,35.51,84.56,34.39,31.27,26.01
0,809,2014.676417,440358,327962.41,29.83,85.3,29.75,35.11,85.82,35.03,30.99,25.71
0,810,2014.703583,440395,328246.41,31.07,86.97,30.17,36.36,87.54,35.45,30.68,25.41
0,811,2014.730749,442535,330430.09,28.96,86.84,30.5,34.25,87.41,35.79,30.54,25.26
0,812,2014.757915,444079,329977.0,30.19,86.81,30.78,35.49,87.26,36.08,30.62,25.33
0,813,2014.785082,446339,330353.81,33.12,87.41,30.87,38.4,87.96,36.17,30.76,25.46
0,814,2014.812248,446764,330387.81,32.9,86.67,30.6,38.22,87.16,35.91,30.8,25.49
0,815,2014.839414,450395,332348.31,29.77,87.99,29.98,35.1,88.46,35.29,30.68,25.37
0,816,2014.86658,453437,333216.0,29.09,88.24,29.29,34.39,88.75,34.6,30.65,25.34
0,817,2014.893746,459841,335834.5,25.05,86.94,28.82,30.37,87.4,34.14,30.95,25.63
0,818,2014.920912,464267,337939.91,27.36,84.44,28.64,32.7,84.95,33.97,31.58,26.25
0,819,2014.948079,462679,336061.69,33.37,83.98,28.52,38.7,84.25,33.85,32.25,26.91
0,820,2014.975245,420752,304121.91,29.54,83.77,28.27,34.88,84.12,33.61,32.75,27.4
0,821,2015.002411,465764,337192.81,24.19,84.16,27.98,29.55,84.39,33.32,33.11,27.75
0,822,2015.029577,465089,336853.41,27.08,85.31,27.95,32.4,85.55,33.29,33.62,28.27
0,823,2015.056743,462711,334111.31,27.07,83.17,28.33,32.43,83.35,33.68,34.45,29.09
0,824,2015.083909,469305,338621.09,29.85,85.36,29.04,35.2,85.62,34.39,35.52,30.16
0,825,2015.111075,469775,338378.91,29.2,87.07,29.78,34.56,87.12,35.14,36.56,31.19
0,826,2015.138242,466142,336727.69,32.88,87.06,30.26,38.23,87.18,35.63,37.31,31.93
0,827,2015.165408,461898,333420.19,32.07,86.05,30.37,37.44,86.12,35.75,37.68,32.29
0,828,2015.192574,464502,335136.0,29.06,88.49,30.2,34.42,88.53,35.58,37.78,32.39
0,829,2015.21974,459274,330405.81,28.67,89.92,29.92,34.11,89.94,35.32,37.83,32.42
0,830,2015.246906,467365,336407.31,30.33,90.21,29.68,35.74,90.3,35.09,37.94,32.53
0,831,2015.274072,467379,336176.59,29.5,90.13,29.47,34.92,90.14,34.89,38.11,32.7
0,832,2015.301239,465101,334562.41,29.73,89.83,29.22,35.14,89.82,34.66,38.26,32.82
0,833,2015.328405,459897,331111.69,29.61,88.48,28.97,35.09,88.4,34.42,38.36,32.92
0,834,2015.355571,465134,335113.81,27.67,89.3,28.89,33.15,89.34,34.34,38.55,33.1
0,835,2015.382737,463301,335326.5,26.2,89.58,29.19,31.64,89.76,34.64,39.0,33.55
0,836,2015.409903,460601,333076.91,29.7,90.36,29.97,35.14,90.37,35.43,39.77,34.31
0,837,2015.437069,462887,335841.09,31.2,90.98,31.15,36.65,90.96,36.6,40.72,35.28
0,838,2015.464235,455034,332419.09,32.6,89.31,32.51,38.06,89.54,37.98,41.68,36.21
0,839,2015.491402,454095,333602.91,34.37,90.09,33.92,39.83,90.33,39.4,42.45,36.97
0,840,2015.518568,453101,333000.19,34.84,91.52,35.3,40.35,91.89,40.79,42.99,37.51
0,841,2015.545734,446866,330456.31,37.14,90.9,36.64,42.66,91.3,42.15,43.34,37.84
0,842,2015.5729,448040,331522.31,37.83,94.42,37.98,43.35,94.83,43.51,43.58,38.05
0,843,2015.600066,448797,332277.91,39.49,96.46,39.37,45.05,97.13,44.91,43.81,38.27
0,844,2015.627232,445834,331633.5,38.44,97.76,40.79,43.99,98.34,46.34,44.09,38.55
0,845,2015.654399,439273,327618.09,44.93,98.25,42.13,50.48,98.84,47.67,44.37,38.83
0,846,2015.681565,444434,330303.5,44.69,102.22,43.23,50.23,102.79,48.77,44.57,39.04
0,847,2015.708731,448199,333205.81,43.68,100.49,44.03,49.22,101.03,49.58,44.7,39.16
0,848,2015.735897,444628,330686.31,44.29,102.28,44.62,49.85,102.88,50.17,44.86,39.32
0,849,2015.763063,443022,330283.91,45.08,105.8,45.02,50.63,106.38,50.57,45.1,39.55
0,850,2015.790229,446791,330372.69,45.86,105.54,45.15,51.42,106.09,50.7,45.33,39.78
0,851,2015.817395,442134,326340.91,48.19,106.7,44.89,53.74,107.22,50.44,45.41,39.86
0,852,2015.844562,451691,331743.91,44.5,106.34,44.18,50.05,106.83,49.73,45.23,39.68
0,853,2015.871728,448027,328009.91,40.9,104.88,43.16,46.42,105.41,48.71,44.9,39.34
0,854,2015.898894,459747,335445.91,43.87,104.41,41.94,49.44,104.87,47.5,44.46,38.9
0,855,2015.92606,461367,334988.41,41.49,104.11,40.64,47.05,104.65,46.2,43.97,38.4
0,856,2015.953226,463284,334453.0,38.65,102.43,39.42,44.21,102.77,44.98,43.53,37.96
0,857,2015.980392,465768,336697.81,36.58,100.89,38.55,42.16,101.22,44.12,43.39,37.81
0,858,2016.007538,464335,334693.31,34.29,99.77,38.22,39.85,100.04,43.8,43.7,38.1
0,859,2016.03463,462982,333023.19,39.48,102.08,38.35,45.06,102.2,43.93,44.35,38.76
0,860,2016.061722,466550,335720.69,41.82,99.43,38.66,47.42,99.6,44.25,45.09,39.49
0,861,2016.088814,463017,334459.69,36.83,97.99,38.89,42.4,98.18,44.49,45.67,40.06
0,862,2016.115906,467627,337326.31,39.82,94.92,38.98,45.41,95.05,44.58,46.05,40.44
0,863,2016.142997,465426,335349.81,38.9,95.45,38.92,44.53,95.61,44.54,46.26,40.63
0,864,2016.170089,463658,333799.5,39.52,96.21,38.71,45.17,96.36,44.34,46.31,40.68
0,865,2016.197181,464456,334895.91,38.05,96.46,38.29,43.68,96.47,43.93,46.18,40.53
0,866,2016.224273,444108,321191.59,39.81,94.4,37.58,45.46,94.31,43.22,45.78,40.14
0,867,2016.251365,465345,336007.5,36.0,95.71,36.58,41.64,95.55,42.24,45.15,39.49
0,868,2016.278457,464531,334361.09,36.19,95.11,35.39,41.87,95.01,41.06,44.35,38.68
0,869,2016.305549,465160,334908.69,33.58,93.61,34.15,39.26,93.56,39.83,43.49,37.81
0,870,2016.332641,461368,332146.19,32.63,93.29,33.08,38.3,93.19,38.76,42.75,37.08
0,871,2016.359733,465335,335760.91,30.81,92.74,32.36,36.49,92.65,38.05,42.29,36.61
0,872,2016.386825,464777,336033.59,30.14,92.42,32.13,35.85,92.43,37.82,42.18,36.5
0,873,2016.413917,462896,334841.0,32.34,92.77,32.35,37.99,92.69,38.05,42.37,36.67
0,874,2016.441009,455456,330705.41,32.41,91.03,32.86,38.13,90.99,38.57,42.65,36.94
0,875,2016.468101,458665,334196.31,34.58,90.35,33.42,40.34,90.44,39.14,42.76,37.04
0,876,2016.495193,460475,335351.59,34.22,90.02,33.86,39.95,90.06,39.59,42.53,36.81
0,877,2016.522284,455993,333657.0,34.65,87.76,34.12,40.38,87.97,39.87,41.94,36.2
0,878,2016.549376,452782,332653.09,34.63,86.67,34.32,40.39,87.04,40.07,41.12,35.37
0,879,2016.576468,453473,332672.69,32.89,87.26,34.64,38.64,87.48,40.4,40.31,34.56
0,880,2016.60356,453047,333244.41,34.5,86.66,35.26,40.28,86.93,41.03,39.78,34.01
0,881,2016.630652,447514,330607.19,34.45,87.61,36.21,40.22,87.88,41.99,39.6,33.83
0,882,2016.657744,443478,329209.59,38.22,87.55,37.3,44.0,88.05,43.08,39.66,33.88
0,883,2016.684836,450144,332594.0,40.56,87.49,38.22,46.35,87.97,44.01,39.72,33.94
0,884,2016.711928,450032,332293.0,40.44,86.57,38.82,46.24,87.17,44.61,39.67,33.89
0,885,2016.73902,451852,333218.81,37.94,87.98,39.16,43.74,88.49,44.95,39.61,33.83
0,886,2016.766112,450532,332024.59,37.82,89.2,39.45,43.62,89.54,45.25,39.78,33.98
0,887,2016.793204,455012,334239.91,40.39,88.26,39.82,46.17,88.68,45.62,40.27,34.48
0,888,2016.820296,452983,331249.91,40.95,86.16,40.22,46.76,86.63,46.03,41.05,35.24
0,889,2016.847388,454448,333229.09,40.44,86.92,40.48,46.24,87.33,46.29,41.86,36.05
0,890,2016.87448,457553,333592.91,40.96,85.15,40.4,46.78,85.44,46.21,42.47,36.66
0,891,2016.901571,464221,337075.59,43.49,84.77,39.82,49.32,84.99,45.64,42.68,36.85
0,892,2016.928663,399851,289316.19,38.92,82.96,38.77,44.75,83.18,44.58,42.42,36.6
0,893,2016.955755,466490,337263.59,36.51,81.5,37.43,42.31,81.81,43.24,41.86,36.04
0,894,2016.982847,466252,338229.19,35.38,80.65,36.09,41.19,80.84,41.91,41.24,35.41
0,895,2017.009966,470896,339453.91,33.81,79.07,34.95,39.64,79.2,40.77,40.72,34.89
0,896,2017.037133,468539,337723.0,34.49,80.39,34.06,40.32,80.33,39.89,40.35,34.51
0,897,2017.064299,465652,335371.0,33.06,81.08,33.41,38.88,81.06,39.24,40.12,34.28
0,898,2017.091465,466451,336229.31,32.26,81.43,33.0,38.1,81.31,38.85,40.06,34.2
0,899,2017.118631,465281,334873.31,31.44,83.66,32.87,37.29,83.64,38.72,40.21,34.35
0,900,2017.145797,466854,335673.81,33.39,82.19,32.98,39.25,82.13,38.84,40.58,34.72
0,901,2017.172963,470221,338573.41,32.97,83.86,33.27,38.85,83.71,39.13,41.13,35.26
0,902,2017.200129,463988,334703.0,33.46,86.08,33.59,39.33,85.91,39.47,41.75,35.87
0,903,2017.227296,464197,334695.41,34.36,87.54,33.8,40.23,87.27,39.69,42.29,36.4
0,904,2017.254462,463831,334653.0,35.47,87.37,33.77,41.36,87.17,39.67,42.62,36.72
0,905,2017.281628,465628,335539.81,33.59,85.68,33.44,39.51,85.55,39.35,42.68,36.77
0,906,2017.308794,462197,332912.59,33.49,85.2,32.84,39.43,85.12,38.77,42.47,36.54
0,907,2017.33596,465824,335547.59,31.58,83.97,32.16,37.52,83.93,38.09,42.12,36.19
0,908,2017.363126,469732,338769.09,31.58,82.66,31.59,37.55,82.71,37.53,41.8,35.86
0,909,2017.390293,466615,336652.31,28.6,81.85,31.3,34.54,81.86,37.24,41.61,35.67
0,910,2017.417459,464233,335448.0,31.61,83.79,31.36,37.52,83.79,37.3,41.6,35.66
0,911,2017.444625,461526,333684.91,31.7,82.94,31.73,37.64,83.04,37.68,41.71,35.76
0,912,2017.471791,463435,335381.09,32.12,82.31,32.35,38.05,82.73,38.3,41.84,35.89
0,913,2017.498957,460691,334767.41,32.44,83.21,33.23,38.42,83.88,39.19,42.02,36.07
0,914,2017.526123,461194,336191.0,32.91,82.15,34.4,38.89,82.71,40.37,42.31,36.34
0,915,2017.553289,455267,333537.81,34.93,81.25,35.81,40.92,81.63,41.8,42.69,36.7
0,916,2017.580456,450870,332325.0,39.54,83.1,37.31,45.52,83.56,43.31,43.05,37.06
0,917,2017.607622,451011,331749.31,38.96,82.85,38.74,44.98,83.37,44.75,43.32,37.32
0,918,2017.634788,448302,331949.81,39.23,85.06,40.01,45.26,85.74,46.03,43.47,37.46
0,919,2017.661954,444207,329775.69,41.37,85.74,41.05,47.38,86.5,47.08,43.51,37.49
0,920,2017.68912,448023,333028.41,43.69,86.45,41.79,49.74,87.09,47.83,43.42,37.39
0,921,2017.716286,449820,334448.81,44.13,86.32,42.15,50.18,86.89,48.2,43.18,37.13
0,922,2017.743453,447866,332651.41,41.23,86.76,42.23,47.29,87.37,48.28,42.9,36.86
0,923,2017.770619,451315,334680.19,41.36,88.11,42.24,47.39,88.59,48.29,42.82,36.78
0,924,2017.797785,447960,332646.0,41.89,88.28,42.36,47.96,88.8,48.41,43.11,37.06
0,925,2017.824951,450913,333076.59,42.17,87.62,42.6,48.21,88.05,48.65,43.75,37.7
0,926,2017.852117,454665,334991.5,44.09,85.78,42.84,50.14,86.34,48.89,44.57,38.52
0,927,2017.879283,461695,336917.0,42.96,85.53,42.87,48.99,85.94,48.92,45.32,39.26
0,928,2017.906449,465602,337837.59,44.37,86.09,42.52,50.41,86.47,48.57,45.75,39.7
0,929,2017.933616,464313,336112.09,42.68,85.63,41.74,48.75,85.92,47.8,45.79,39.72
0,930,2017.960782,468242,338800.5,41.85,85.17,40.64,47.91,85.44,46.7,45.46,39.39
0,931,2017.987948,470352,339605.09,37.61,84.01,39.49,43.68,84.37,45.55,45.0,38.93
0,932,2018.015114,467719,337518.5,36.71,83.69,38.56,42.77,84.06,44.63,44.68,38.6
0,933,2018.04228,468321,338623.31,37.31,82.24,37.95,43.37,82.5,44.03,44.58,38.49
0,934,2018.069446,472091,340255.09,38.21,83.12,37.53,44.29,83.22,43.61,44.56,38.47
0,935,2018.096613,466736,337233.5,39.38,85.07,37.09,45.49,85.1,43.18,44.45,38.35
0,936,2018.123779,466522,336968.81,36.0,85.54,36.62,42.09,85.62,42.72,44.26,38.15
0,937,2018.150945,466616,336887.59,32.66,84.52,36.21,38.77,84.5,42.32,44.11,37.99
0,938,2018.178111,467049,336958.91,37.27,85.0,35.89,43.38,84.77,42.02,44.07,37.94
0,939,2018.205277,468552,337981.91,37.84,85.78,35.57,43.97,85.46,41.7,44.04,37.9
0,940,2018.232443,468057,337708.81,35.06,84.83,35.15,41.23,84.54,41.29,43.95,37.81
0,941,2018.259609,464951,334155.19,32.72,84.89,34.69,38.88,84.54,40.85,43.87,37.71
0,942,2018.286776,466453,336886.31,34.57,84.3,34.35,40.72,84.13,40.51,43.91,37.75
0,943,2018.313942,468199,337303.69,33.92,82.77,34.18,40.1,82.57,40.36,44.13,37.95
0,944,2018.341108,467928,337036.0,34.08,80.71,34.19,40.27,80.49,40.38,44.46,38.27
0,945,2018.368274,464598,334452.19,33.67,80.32,34.35,39.87,80.24,40.54,44.84,38.65
0,946,2018.39544,468403,337420.41,34.24,79.9,34.61,40.43,79.86,40.8,45.17,38.99
0,947,2018.422606,464525,335632.0,35.94,80.43,34.94,42.15,80.2,41.14,45.4,39.21
0,948,2018.449772,464273,335952.41,35.29,80.3,35.37,41.48,80.2,41.57,45.52,39.33
0,949,2018.476939,461798,335448.91,34.18,79.88,35.99,40.42,80.1,42.2,45.62,39.41
0,950,2018.504105,460539,336251.5,35.57,79.14,36.87,41.78,79.46,43.08,45.76,39.55
0,951,2018.531271,451680,331845.31,38.58,80.8,37.97,44.76,80.96,44.18,45.93,39.72
0,952,2018.558437,449916,331104.41,40.6,83.56,39.15,46.78,83.77,45.37,46.05,39.83
0,953,2018.585603,450097,332714.31,39.41,83.62,40.37,45.64,83.78,46.6,46.12,39.9
0,954,2018.612769,449745,332946.59,41.01,86.7,41.68,47.27,87.13,47.92,46.27,40.04
0,955,2018.639936,446789,332029.59,42.25,86.57,43.15,48.52,87.23,49.41,46.65,40.4
0,956,2018.667102,445733,331781.5,44.46,87.03,44.74,50.74,87.64,51.0,47.25,41.0
0,957,2018.694268,444503,330499.31,48.13,90.65,46.25,54.4,91.15,52.52,47.98,41.71
0,958,2018.721434,445839,331170.69,47.61,90.48,47.46,53.89,91.05,53.73,48.62,42.36
0,959,2018.7486,444024,329393.59,50.82,92.06,48.23,57.09,92.67,54.5,49.08,42.82
0,960,2018.775766,446385,330285.81,48.08,92.7,48.52,54.37,93.29,54.8,49.34,43.07
0,961,2018.802932,452144,331894.0,48.61,92.93,48.35,54.89,93.35,54.63,49.39,43.11
0,962,2018.830099,453681,332779.41,50.25,94.23,47.74,56.53,94.72,54.01,49.21,42.94
0,963,2018.857265,458869,335074.0,47.49,94.26,46.74,53.75,94.79,53.02,48.83,42.55
0,964,2018.884431,458162,333620.5,44.91,92.6,45.56,51.19,93.11,51.84,48.38,42.1
0,965,2018.911597,460437,333918.19,42.51,91.61,44.43,48.79,91.96,50.71,48.05,41.76
0,966,2018.938763,464787,336638.5,43.7,88.76,43.55,49.98,89.04,49.84,47.98,41.68
0,967,2018.965929,468555,337677.5,42.73,86.92,43.01,49.02,87.05,49.31,48.21,41.89
0,968,2018.993096,470487,338524.59,41.71,85.75,42.82,48.02,85.71,49.12,48.7,42.38
0,969,2019.020262,467262,336502.5,40.44,86.27,42.9,46.76,86.33,49.21,49.37,43.04
0,970,2019.047428,469252,338261.09,46.3,86.0,43.13,52.62,86.09,49.45,50.08,43.75
0,971,2019.074594,465811,335779.81,42.73,85.55,43.31,49.05,85.53,49.63,50.65,44.31
0,972,2019.10176,468309,337506.19,44.3,86.46,43.38,50.63,86.3,49.71,51.03,44.69
0,973,2019.128926,465734,335490.41,42.43,86.8,43.4,48.77,86.61,49.74,51.33,44.98
0,974,2019.156092,86625,62710.1,42.53,89.47,43.42,48.83,89.29,49.78,51.62,45.25
0,975,2019.183259,353465,254428.91,43.88,87.95,43.4,50.31,87.79,49.77,51.87,45.5
0,976,2019.210425,466597,336460.31,45.82,87.88,43.21,52.19,87.69,49.6,52.0,45.6
0,977,2019.237591,463426,334129.31,42.98,88.21,42.84,49.37,88.14,49.25,51.98,45.57
0,978,2019.264757,210066,152217.7,41.01,87.03,42.47,47.5,86.94,48.88,51.97,45.57
0,979,2019.291923,465728,334892.41,39.57,86.34,42.3,45.95,86.16,48.72,52.19,45.78
0,980,2019.319089,465922,336287.19,43.22,87.17,42.37,49.63,86.98,48.79,52.62,46.21
0,981,2019.346256,461821,334092.41,44.33,86.37,42.53,50.79,86.19,48.96,53.09,46.66
0,982,2019.373422,462517,333469.31,42.71,84.18,42.66,49.17,84.01,49.1,53.42,46.99
0,983,2019.400588,465636,334679.5,41.59,83.35,42.81,48.03,83.28,49.25,53.62,47.18
0,984,2019.427754,465637,336885.81,41.67,83.17,43.12,48.1,83.35,49.55,53.77,47.35
0,985,2019.45492,464541,335878.0,44.25,82.25,43.65,50.66,82.43,50.08,53.95,47.52
0,986,2019.482086,459315,333938.5,44.24,82.53,44.38,50.64,82.6,50.81,54.1,47.68
0,987,2019.509252,456448,332348.81,44.6,82.19,45.28,51.04,82.4,51.71,54.22,47.8
0,988,2019.536419,453732,331605.5,46.53,83.55,46.38,52.97,83.92,52.82,54.37,47.94
0,989,2019.563585,453760,332424.31,46.23,84.41,47.76,52.69,85.06,54.21,54.67,48.23
0,990,2019.590751,452183,333310.31,47.82,83.54,49.39,54.3,84.12,55.85,55.15,48.7
0,991,2019.617917,450215,332093.5,52.55,84.65,51.1,59.01,85.18,57.57,55.7,49.24
0,992,2019.645083,450764,332335.09,54.65,87.92,52.6,61.12,88.49,59.07,56.11,49.65
0,993,2019.672249,447706,330364.09,53.99,89.4,53.65,60.45,89.88,60.12,56.21,49.75
0,994,2019.699415,448722,331775.41,55.95,91.79,54.13,62.41,92.32,60.61,55.94,49.47
0,995,2019.726582,448526,331471.69,55.48,90.84,54.11,61.96,91.4,60.6,55.41,48.93
0,996,2019.753748,447550,330152.91,52.61,91.76,53.77,59.12,92.36,60.27,54.82,48.33
0,997,2019.780914,449376,331131.41,53.77,92.2,53.32,60.31,92.72,59.84,54.41,47.89
0,998,2019.80808,449416,330484.69,52.41,91.71,52.94,58.92,92.42,59.46,54.29,47.77
0,999,2019.835246,455208,333951.09,51.0,91.96,52.67,57.55,92.7,59.19,54.49,47.97
0,1000,2019.862412,455628,333083.69,54.1,91.7,52.43,60.62,92.33,58.96,54.9,48.37
0,1001,2019.889579,461553,335437.31,52.82,92.66,52.04,59.36,93.1,58.57,55.26,48.72
0,1002,2019.916745,462991,335063.5,51.61,91.82,51.37,58.15,92.3,57.9,55.39,48.85
0,1003,2019.943911,466251,336364.19,52.01,90.92,50.34,58.52,91.34,56.88,55.17,48.62
0,1004,2019.971077,468569,337347.69,48.77,90.27,49.02,55.29,90.59,55.56,54.59,48.04
0,1005,2019.998243,467823,337023.31,48.12,87.63,47.54,54.68,87.71,54.09,53.78,47.22
0,1006,2020.02534,465591,336736.19,45.33,87.79,46.11,51.88,87.97,52.67,52.92,46.35
0,1007,2020.052432,466049,336368.31,43.15,88.0,44.95,49.7,88.15,51.54,52.25,45.65
0,1008,2020.079524,279885,201847.5,44.73,86.54,44.26,51.32,86.51,50.88,51.96,45.32
0,1009,2020.106616,51547,36435.4,39.43,87.62,44.13,46.24,87.67,50.76,52.13,45.49
0,1010,2020.133708,463894,335905.81,45.91,87.09,44.41,52.48,87.06,51.04,52.67,46.04
0,1011,2020.1608,466111,335951.19,45.47,87.09,44.8,52.08,87.04,51.43,53.31,46.68
0,1012,2020.187891,466207,335941.41,47.61,87.73,45.0,54.23,87.55,51.63,53.78,47.15
0,1013,2020.214983,464568,335138.59,44.04,88.88,44.87,50.66,88.71,51.5,53.95,47.32
0,1014,2020.242075,466323,336191.0,44.84,88.74,44.53,51.48,88.49,51.17,53.96,47.32
0,1015,2020.269167,464024,334431.5,44.13,87.25,44.18,50.79,87.1,50.82,53.98,47.34
0,1016,2020.296259,467523,335617.41,42.18,85.75,43.98,48.83,85.54,50.63,54.16,47.52
0,1017,2020.323351,467014,335849.91,43.33,84.17,43.95,49.98,83.97,50.6,54.48,47.84
0,1018,2020.350443,468162,336503.69,45.63,85.98,43.97,52.3,85.61,50.64,54.81,48.14
0,1019,2020.377535,467781,337660.09,45.03,84.76,43.93,51.68,84.49,50.6,54.94,48.27
0,1020,2020.404627,463622,335394.41,42.52,85.85,43.83,49.21,85.67,50.52,54.88,48.19
0,1021,2020.431719,466254,336934.59,43.78,84.26,43.84,50.47,84.18,50.54,54.72,48.03
0,1022,2020.458811,304395,220295.2,42.08,82.73,44.12,48.84,82.74,50.83,54.63,47.92
0,1023,2020.485903,462408,336158.41,44.5,82.74,44.74,51.2,82.93,51.45,54.65,47.94
0,1024,2020.512995,456705,333880.81,45.66,81.33,45.61,52.35,81.57,52.32,54.71,48.01
0,1025,2020.540087,458077,334301.31,46.8,82.5,46.6,53.51,82.7,53.31,54.72,48.02
0,1026,2020.567178,455668,333999.5,47.59,83.97,47.6,54.3,84.27,54.32,54.63,47.92
0,1027,2020.59427,455227,334817.81,49.43,85.79,48.62,56.17,86.3,55.35,54.5,47.77
0,1028,2020.621362,448502,331103.19,47.9,84.79,49.69,54.63,85.1,56.42,54.41,47.69
0,1029,2020.648454,446505,330803.09,50.69,86.46,50.8,57.45,86.76,57.54,54.45,47.72
0,1030,2020.675546,448161,331355.0,53.15,88.79,51.87,59.88,89.05,58.61,54.59,47.86
0,1031,2020.702638,442983,329513.91,53.94,88.29,52.76,60.67,88.64,59.51,54.76,48.02
0,1032,2020.72973,447580,332291.0,52.92,88.46,53.4,59.71,88.76,60.15,54.92,48.17
0,1033,2020.756822,450972,333527.19,54.54,90.09,53.76,61.29,90.38,60.52,55.06,48.31
0,1034,2020.783914,448871,332073.69,54.75,90.09,53.85,61.5,90.48,60.62,55.2,48.44
0,1035,2020.811006,389979,287722.81,53.27,91.01,53.63,59.99,91.48,60.41,55.28,48.5
0,1036,2020.838098,422538,312028.69,55.35,90.87,53.06,62.2,91.35,59.84,55.2,48.42
0,1037,2020.86519,456156,334995.91,53.34,89.36,52.18,60.12,89.66,58.97,54.98,48.19
0,1038,2020.892282,458606,336509.0,48.88,88.78,51.18,55.68,89.08,57.97,54.74,47.94
0,1039,2020.919374,461385,336195.19,50.42,87.19,50.3,57.2,87.35,57.08,54.65,47.86
0,1040,2020.946465,463623,336209.59,48.37,85.75,49.7,55.14,85.88,56.48,54.84,48.05
0,1041,2020.973557,468028,337891.19,48.96,85.02,49.4,55.75,85.26,56.19,55.29,48.48
0,1042,2021.000651,464986,336156.19,48.89,86.09,49.3,55.69,86.45,56.1,55.85,49.03
0,1043,2021.027817,468515,337427.59,50.11,84.8,49.18,56.92,84.9,55.98,56.28,49.47
0,1044,2021.054983,468471,337493.69,50.01,85.32,48.84,56.82,85.27,55.65,56.4,49.58
0,1045,2021.08215,467877,337836.31,49.73,86.92,48.21,56.53,86.72,55.02,56.13,49.31
0,1046,2021.109316,462866,334156.41,46.8,87.83,47.39,53.62,87.58,54.22,55.62,48.78
0,1047,2021.136482,465337,335567.81,45.29,87.2,46.67,52.12,86.95,53.51,55.17,48.32
0,1048,2021.163648,467959,337557.0,44.57,87.37,46.31,51.43,87.08,53.16,55.07,48.21
0,1049,2021.190814,466271,335802.5,45.58,86.61,46.39,52.46,86.16,53.25,55.43,48.57
0,1050,2021.21798,466752,336370.19,46.13,86.21,46.77,52.99,85.71,53.64,56.12,49.25
0,1051,2021.245146,467346,337255.41,49.05,87.07,47.18,55.95,86.58,54.05,56.88,50.01
0,1052,2021.272313,464069,334789.69,48.61,86.61,47.36,55.49,86.22,54.24,57.44,50.56
0,1053,2021.299479,447210,322836.0,47.97,85.77,47.27,54.84,85.52,54.16,57.74,50.85
0,1054,2021.326645,463285,333251.31,45.56,83.95,47.04,52.46,83.72,53.94,57.86,50.97
0,1055,2021.353811,463469,334930.69,46.14,84.79,46.81,53.05,84.55,53.72,57.92,51.01
0,1056,2021.380977,467758,338043.41,47.84,85.21,46.69,54.76,84.95,53.6,57.95,51.05
0,1057,2021.408143,466325,337368.69,46.66,83.47,46.7,53.59,83.23,53.63,57.98,51.05
0,1058,2021.43531,463240,335462.81,44.45,82.26,46.93,51.4,82.04,53.88,58.02,51.08
0,1059,2021.462476,461262,335068.19,47.73,81.64,47.45,54.67,81.68,54.4,58.13,51.18
0,1060,2021.489642,459241,333999.5,47.53,81.88,48.27,54.47,82.16,55.23,58.33,51.37
0,1061,2021.516808,455757,334999.59,49.79,82.08,49.36,56.81,82.45,56.33,58.59,51.63
0,1062,2021.543974,453391,333563.0,48.77,84.23,50.68,55.74,84.34,57.65,58.91,51.95
0,1063,2021.57114,450614,332403.5,52.27,87.87,52.1,59.21,88.03,59.08,59.22,52.25
0,1064,2021.598306,448408,331974.69,54.69,87.52,53.49,61.68,87.78,60.48,59.45,52.47
0,1065,2021.625473,442099,328107.09,56.92,85.28,54.72,63.91,85.44,61.71,59.53,52.55
0,1066,2021.652639,440819,327567.41,53.51,85.73,55.76,60.52,86.07,62.77,59.53,52.53
0,1067,2021.679805,440618,328039.31,56.57,87.74,56.69,63.61,88.07,63.7,59.55,52.55
0,1068,2021.706971,449777,334301.91,59.52,87.6,57.49,66.52,87.98,64.49,59.65,52.66
0,1069,2021.734137,451041,333743.5,58.0,89.81,58.08,64.99,90.36,65.09,59.8,52.8
0,1070,2021.761303,450665,333107.19,58.81,91.5,58.37,65.82,92.01,65.38,59.91,52.91
0,1071,2021.788469,449838,332384.31,59.09,92.68,58.28,66.1,93.29,65.3,59.91,52.9
0,1072,2021.815636,450468,332258.41,60.11,91.32,57.82,67.15,91.92,64.84,59.78,52.76
0,1073,2021.842802,456093,335562.19,57.18,89.73,57.08,64.2,90.1,64.11,59.57,52.54
0,1074,2021.869968,458073,336028.69,53.7,90.46,56.25,60.73,90.83,63.28,59.42,52.39
0,1075,2021.897134,463488,337532.81,55.36,89.98,55.47,62.4,90.25,62.5,59.41,52.37
0,1076,2021.9243,465513,338073.59,57.39,90.35,54.75,64.44,90.52,61.79,59.5,52.46
0,1077,2021.951466,466618,337911.09,52.95,90.07,54.13,59.98,90.17,61.16,59.66,52.62
0,1078,2021.978633,470166,338049.81,51.37,86.95,53.68,58.38,87.12,60.71,59.93,52.89
0,1079,2022.005799,467145,337701.09,53.03,86.34,53.45,60.03,86.51,60.47,60.33,53.3
0,1080,2022.032965,466005,336049.0,54.49,86.1,53.3,61.52,86.19,60.33,60.72,53.68
0,1081,2022.060131,464492,334644.91,54.44,84.64,53.0,61.47,84.64,60.04,60.86,53.81
0,1082,2022.087297,466325,336605.59,52.6,85.1,52.37,59.67,85.12,59.42,60.59,53.53
0,1083,2022.114463,464907,336385.59,53.33,84.13,51.44,60.39,83.93,58.5,59.95,52.88
0,1084,2022.141629,463681,335856.0,49.21,86.44,50.46,56.28,86.47,57.52,59.23,52.16
0,1085,2022.168796,468902,339470.59,46.58,87.87,49.72,53.65,87.85,56.8,58.76,51.67
0,1086,2022.195962,463558,335227.81,49.5,86.98,49.41,56.56,86.81,56.5,58.73,51.64
0,1087,2022.223128,466900,336956.31,48.78,88.0,49.45,55.89,87.74,56.56,59.11,52.0
0,1088,2022.250294,465949,335330.5,50.13,88.62,49.6,57.29,88.12,56.72,59.62,52.5
0,1089,2022.27746,468092,336573.31,51.59,87.52,49.59,58.74,87.1,56.72,59.99,52.86
0,1090,2022.304626,450777,327793.59,48.78,88.61,49.24,55.91,88.31,56.39,60.04,52.89
0,1091,2022.331793,470193,339424.5,51.09,87.66,48.59,58.25,87.26,55.74,59.72,52.58
0,1092,2022.358959,461048,335040.31,46.41,86.14,47.83,53.61,85.99,54.99,59.23,52.07
0,1093,2022.386125,468314,337693.81,45.57,86.23,47.3,52.7,86.05,54.46,58.82,51.67
0,1094,2022.413291,466900,336987.0,45.17,85.34,47.27,52.32,85.29,54.44,58.76,51.6
0,1095,2022.440457,469488,339027.91,47.68,86.3,47.88,54.85,86.59,55.05,59.13,51.97
0,1096,2022.467623,467235,337908.09,46.34,85.83,49.02,53.53,85.94,56.2,59.83,52.65
0,1097,2022.494789,460714,335266.41,51.75,86.13,50.41,58.91,86.41,57.6,60.55,53.37
0,1098,2022.521956,458066,334847.31,53.71,86.51,51.72,60.94,86.69,58.93,61.01,53.81
0,1099,2022.549122,457650,334608.41,54.12,86.36,52.83,61.3,86.72,60.05,61.11,53.89
0,1100,2022.576288,457918,336700.59,52.2,85.66,53.82,59.44,86.01,61.06,60.98,53.75
0,1101,2022.603454,434630,323021.69,52.63,87.86,54.93,59.96,88.21,62.17,60.92,53.69
0,1102,2022.63062,455598,336674.59,56.93,88.41,56.21,64.17,88.92,63.46,61.07,53.83
0,1103,2022.657786,452652,335243.59,58.18,89.85,57.52,65.4,90.43,64.76,61.33,54.1
0,1104,2022.684953,449301,333409.19,60.63,91.33,58.61,67.89,91.83,65.85,61.55,54.32
0,1105,2022.712119,448622,333287.5,59.18,92.2,59.34,66.39,92.82,66.59,61.64,54.4
0,1106,2022.739285,448870,332384.5,60.44,92.04,59.69,67.69,92.68,66.94,61.6,54.35
0,1107,2022.766451,449170,332021.31,60.51,92.04,59.68,67.78,92.7,66.95,61.48,54.21
0,1108,2022.793617,450374,333314.5,59.95,92.01,59.35,67.25,92.55,66.62,61.28,54.01
0,1109,2022.820783,454968,336158.69,58.8,94.31,58.71,66.06,95.0,66.0,61.02,53.73
0,1110,2022.847949,452635,332538.59,60.06,91.73,57.89,67.37,92.44,65.18,60.76,53.47
0,1111,2022.875116,454983,333817.09,54.94,92.75,57.1,62.25,93.43,64.4,60.68,53.38
0,1112,2022.902282,455064,333127.09,54.75,92.24,56.6,62.06,92.58,63.9,60.96,53.66
0,1113,2022.929448,464763,337631.81,54.08,90.91,56.45,61.38,91.19,63.74,61.61,54.31
0,1114,2022.956614,461315,335086.81,59.69,90.99,56.46,66.96,91.45,63.75,62.39,55.09
0,1115,2022.98378,469379,339595.31,58.27,87.74,56.35,65.53,88.01,63.64,62.99,55.69
0,1116,2023.010946,469829,338864.41,54.42,86.17,56.01,61.7,86.26,63.3,63.27,55.97
0,1117,2023.038113,466378,335939.5,55.5,85.2,55.52,62.8,85.4,62.82,63.3,55.99
0,1118,2023.065279,467696,337821.0,55.45,86.72,55.02,62.76,86.86,62.33,63.22,55.9
0,1119,2023.092445,467284,338524.69,53.94,86.53,54.58,61.24,86.54,61.89,63.12,55.79
0,1120,2023.119611,469320,339213.81,54.41,88.47,54.21,61.75,88.1,61.53,63.03,55.7
0,1121,2023.146777,470817,339534.81,53.45,89.38,53.9,60.78,88.99,61.23,62.98,55.65
0,1122,2023.173943,470137,338340.81,53.27,88.12,53.58,60.59,87.92,60.93,62.94,55.58
0,1123,2023.201109,468764,336289.69,54.5,86.64,53.18,61.86,86.46,60.54,62.83,55.47
0,1124,2023.228276,466985,335593.09,53.67,87.28,52.66,61.04,87.23,60.03,62.64,55.27
0,1125,2023.255442,468273,335829.69,51.37,86.26,52.14,58.75,86.23,59.52,62.49,55.11
0,1126,2023.282608,467862,336098.69,49.5,87.12,51.84,56.88,86.79,59.23,62.57,55.19
0,1127,2023.309774,456396,328882.81,51.33,86.65,51.93,58.74,86.45,59.34,63.05,55.65
0,1128,2023.33694,464132,336058.5,51.43,85.66,52.42,58.86,85.62,59.83,63.87,56.46
0,1129,2023.364106,448206,324019.5,54.28,86.68,53.15,61.74,86.77,60.57,64.84,57.43
0,1130,2023.391272,465082,336303.81,53.4,85.39,54.0,60.8,85.48,61.42,65.79,58.37
0,1131,2023.418439,461816,334760.31,55.57,85.34,54.93,62.98,85.41,62.35,66.64,59.23
0,1132,2023.445605,465020,337098.5,54.53,83.54,56.02,61.93,83.85,63.44,67.45,60.04
0,1133,2023.472771,466150,338434.0,56.2,83.09,57.35,63.63,83.46,64.77,68.29,60.87
0,1134,2023.499937,456272,333912.09,59.22,83.38,58.94,66.65,83.73,66.36,69.16,61.75
0,1135,2023.527103,463380,337323.59,61.07,84.03,60.71,68.47,84.38,68.14,70.04,62.62
0,1136,2023.554269,459734,336554.5,61.01,84.82,62.54,68.44,85.28,69.98,70.83,63.39
0,1137,2023.581436,454331,333943.91,65.35,85.88,64.28,72.8,86.39,71.73,71.43,63.99
0,1138,2023.608602,455370,335585.0,68.37,85.8,65.75,75.86,86.55,73.22,71.75,64.29
0,1139,2023.635768,450104,333165.41,66.58,86.09,66.93,74.07,86.7,74.41,71.81,64.34
0,1140,2023.662934,450716,334524.91,68.48,88.64,67.94,75.96,89.41,75.42,71.81,64.34
0,1141,2023.6901,447590,332007.0,66.55,89.88,69.01,74.05,90.72,76.49,72.05,64.58
0,1142,2023.717266,451156,332933.81,69.79,90.2,70.16,77.26,90.9,77.64,72.6,65.13
0,1143,2023.744432,454880,336108.69,72.21,91.28,70.9,79.68,92.15,78.38,72.99,65.52
0,1144,2023.771599,452869,334311.81,74.69,94.05,71.28,82.19,94.99,78.76,73.29,65.82
0,1145,2023.798765,447945,330121.0,76.42,95.6,71.44,83.85,96.46,78.92,73.63,66.15
0,1146,2023.825931,455290,333812.19,69.74,98.64,71.5,77.24,99.5,78.99,74.11,66.62
0,1147,2023.853097,457579,334789.81,70.69,98.7,71.51,78.21,99.53,79.0,74.71,67.21
